rera_office_number,company_name_en,company_name_ar,trade_licence,status,registration_date,expiry_date,address,phone_office,email_office,website,specialisation_tags,land_specialist_flag,source_url,retrieved_date,pdpl_compliance_note
1554132,Prop Plus Capital Real Estate Management LLC,,,,,,"Office 1st floor, Building Abu Dhabi Mall, Al Zahiyah, Al Maiyani st, Abu Dhabi, PO Box E16 01",+971585629822,info@proppluscapital.com,https://www.propertyfinder.ae/en/broker/prop-plus-capital-real-estate-management-llc-12643,total_properties:46,FALSE,https://www.propertyfinder.ae/en/find-broker/search,2026-04-26,
16322,SAND SQUARE GROUP LIMITED,,,,,,"Office 45th floor, Building Etihad Tower 3, Corniche Area, Corniche Road, Abu Dhabi,",+971585733939,mma@sandsquaregroup.com,https://www.propertyfinder.ae/en/broker/sand-square-group-limited-9354,total_properties:18,FALSE,https://www.propertyfinder.ae/en/find-broker/search,2026-04-26,
18711,PSI ASSETS REAL ESTATES LIMITED,,,,,,"Office 1st floor, Building Shams Boutik Mall, Al Reem Island, Al Reem Island, Abu Dhabi,",+971506132419,callcenter@psiassets.com,https://www.propertyfinder.ae/en/broker/psi-assets-real-estates-limited-10525,"commercial_listings:16,total_properties:456",TRUE,https://www.propertyfinder.ae/en/find-broker/search,2026-04-26,
202501573303,BIG BLOCK REAL ESTATE LEASE AND MANAGEMENT SERVICES  - L.L.C - S.P.C,,,,,,"Office 0, Building 0, Abu Dhabi Gate City, 0, Abu Dhabi, PO Box 0",+971504551094,,https://www.propertyfinder.ae/en/broker/big-block-real-estate-lease-and-management-services-l-l-c-s-p-c-12744,total_properties:4,FALSE,https://www.propertyfinder.ae/en/find-broker/search,2026-04-26,email_office redacted: personal domain
20255,Miramar Real Estate Management LTD,,,,,,"Office 1903, Building Sky Tower, Al Reem Island, Al Reem Island, Abu Dhabi, PO Box 520",+97124444360,natalia.riabina@miramar-uae.com,https://www.propertyfinder.ae/en/broker/miramar-real-estate-management-ltd-1303,"commercial_listings:1,total_properties:59",TRUE,https://www.propertyfinder.ae/en/find-broker/search,2026-04-26,
27821,URBAN CHIC LTD,,,,,,"Office Office 45, Floor 11, Building Sky Tower,, Al Reem Island, Al Reem Island, Abu Dhabi, Abu Dhabi, PO Box -",+971586868530,uae@my-urbanchic.com,https://www.propertyfinder.ae/en/broker/urban-chic-ltd-v2-180296,total_properties:3,FALSE,https://www.propertyfinder.ae/en/find-broker/search,2026-04-26,
5238976,INSPIRENTALS MIDDLE EAST,,,,,,"Office Office 112, Building Madinat Zayed Office Tower, Madinat Zayed, muroor road, Abu Dhabi,",+971507790385,adam@inspirentals.com,https://www.propertyfinder.ae/en/broker/inspirentals-middle-east-12866,total_properties:55,FALSE,https://www.propertyfinder.ae/en/find-broker/search,2026-04-26,
629897,RRE RELAAM REAL ESTATE L.L.C ­ DUBAI BRANCH,,,,,,"Office Upper Basement Level, Madinat Zayed, Marina Mall, Abu Dhabi,",+97123073233,van.pasilan@relaam.com,https://www.propertyfinder.ae/en/broker/rre-relaam-real-estate-l-l-c-dubai-branch-v2-179982,"commercial_listings:3,total_properties:8",TRUE,https://www.propertyfinder.ae/en/find-broker/search,2026-04-26,
6308895,Springfield Abu Dhabi,,,,,,"Office 149, Building Wafra Square Building, Al Reem Island, Wafra Square Building, Abu Dhabi, PO Box .",+971505126373,admin.ad@springfield-re.com,https://www.propertyfinder.ae/en/broker/springfield-abu-dhabi-v2-180384,total_properties:2,FALSE,https://www.propertyfinder.ae/en/find-broker/search,2026-04-26,
690081,EMIRATES INTERNATIONAL PROPERTY SERVICES L.L.C - DUBAI BRANCH,,,,,,"Office 2nd Floor Block A, Building Al Nahyan Commercial Building 11, Al Nahyan Camp, Delma Street, Abu Dhabi, PO Box 54900",+971564040295,ntolentino@bloom.co.ae,https://www.propertyfinder.ae/en/broker/emirates-international-property-services-l-l-c-dubai-branch-1805,total_properties:2,FALSE,https://www.propertyfinder.ae/en/find-broker/search,2026-04-26,
CN-1010367,CANDOUR REAL ESTATE - SOLE PROPRIETORSHIP L.L.C.,,,,,,"Office 1012 - Floor 10, Building Tourist Club Area, Al Zahiyah, Al Zahiyah, Abu Dhabi, PO Box 1012",+971504172789,,https://www.propertyfinder.ae/en/broker/candour-real-estate-sole-proprietorship-l-l-c-855,"commercial_listings:4,total_properties:4",TRUE,https://www.propertyfinder.ae/en/find-broker/search,2026-04-26,email_office redacted: personal domain
CN-1011454,Vesta Real Estate Management,,,,,,"Office M14, Building Elite Cars Showroom Bldg, Between Two Bridges, Between Two Bridges, Abu Dhabi,",+97126763755,marina@remax-vesta.com,https://www.propertyfinder.ae/en/broker/vesta-real-estate-management-589,"commercial_listings:1,total_properties:42",TRUE,https://www.propertyfinder.ae/en/find-broker/search,2026-04-26,
CN-1013055,Manazel Specialist Real estate,,,,,,"Office 101, Building Al Reem Island, Al Reem Island, Al Reem Island, Abu Dhabi, PO Box -",+971529992412,said.jaidi@manazelspecialists.ae,https://www.propertyfinder.ae/en/broker/manazel-specialist-real-estate-7981,"commercial_listings:2,total_properties:13",TRUE,https://www.propertyfinder.ae/en/find-broker/search,2026-04-26,
CN-1016137,PJN Real Estate,,,,,,"Office M1, Building Euro mobile building, Al Zahiyah, Hamdan Bin Mohammed Street, Abu Dhabi, PO Box 51197",+971559019997,info@pjnpropertiesuae.com,https://www.propertyfinder.ae/en/broker/pjn-real-estate-450,"commercial_listings:1,total_properties:12",TRUE,https://www.propertyfinder.ae/en/find-broker/search,2026-04-26,
CN-1017611,Colliers International,,,,,,"Office Aldar Estates, Building 1st Floor, Yas Mall, Yas Island, 24 Al Maha Street, Abu Dhabi, PO Box 45640",+97144037700,khaled.chahal@colliers.ae,https://www.propertyfinder.ae/en/broker/colliers-574,"commercial_listings:22,total_properties:178",TRUE,https://www.propertyfinder.ae/en/find-broker/search,2026-04-26,
CN-1023586,spike vista real estate - l.l.c - o.p.c,,,,,,"Office 7th Floor, Building Dar Al Salam, Corniche Road, Cornish, Abu Dhabi, PO Box -",+971555521398,info@spikevista.com,https://www.propertyfinder.ae/en/broker/spike-vista-real-estate-l-l-c-o-p-c-12427,total_properties:66,FALSE,https://www.propertyfinder.ae/en/find-broker/search,2026-04-26,
CN-1028851,EAGLE MANAGEMENT SERVICES - L L C,,,,,,"Office 101, Building Darwich, Al Khalidiya, Zayed First, Abu Dhabi, PO Box 0",+971562534600,marketing@eaglems.ae,https://www.propertyfinder.ae/en/broker/eagle-management-services-l-l-c-7552,"commercial_listings:2,total_properties:3",TRUE,https://www.propertyfinder.ae/en/find-broker/search,2026-04-26,
CN-1029459,Scope Hauser Real Estate Management and Contracting L.L.C,,,,,,"Office 0, Building 0, Abu Dhabi Gate City, 0, Abu Dhabi, PO Box 0",+971561203118,ibrahimrajab@scopehauser.com,https://www.propertyfinder.ae/en/broker/scope-hauser-real-estate-management-and-contracting-l-l-c-10492,"commercial_listings:3,total_properties:22",TRUE,https://www.propertyfinder.ae/en/find-broker/search,2026-04-26,
CN-1035283,MIDDLE WORLD PROPERTY MANAGEMENT & GENERAL MAINTENANCE . L.L.C.,,,,,,"Office M, Building Middle World Building, Al Salam Street, Middle World Building, Abu Dhabi,",+971505833354,marketing@middle-world.ae,https://www.propertyfinder.ae/en/broker/middle-world-property-management-general-maintenance-l-l-c-10636,"commercial_listings:8,total_properties:42",TRUE,https://www.propertyfinder.ae/en/find-broker/search,2026-04-26,
CN-1045037,Trans Emirates Properties,,,,,,"Office -, Building -, Abu Dhabi Gate City, -, Abu Dhabi, PO Box -",+971544293551,info@tepuae.com,https://www.propertyfinder.ae/en/broker/trans-emirates-properties-10993,"commercial_listings:1,total_properties:45",TRUE,https://www.propertyfinder.ae/en/find-broker/search,2026-04-26,
CN-1047937,Emirates Towers International General Contracting and Property Management,,,,,,"Office Mezzanine, M2, Building jabal arafat restaurant building, Defense Road, -, Abu Dhabi, PO Box -",+971569055335,,https://www.propertyfinder.ae/en/broker/emirates-towers-international-general-contracting-and-property-management-v2-12849,"commercial_listings:10,total_properties:10",TRUE,https://www.propertyfinder.ae/en/find-broker/search,2026-04-26,email_office redacted: personal domain
CN-1059312,Diamond Key Properties,,,,,,"Office 202, Building Al Khaznah Tower, Al Danah, Najdah Street, Abu Dhabi,",+971562225470,info@diamondkeyproperties.ae,https://www.propertyfinder.ae/en/broker/diamond-key-properties-1054,total_properties:12,FALSE,https://www.propertyfinder.ae/en/find-broker/search,2026-04-26,
CN-1062600,Better Homes - Abu Dhabi,,,,,,"Office Block D1, Building GA4, Al Raha Beach, Al Zeina, Abu Dhabi, PO Box 297",+97144081000,marketing@bhomes.com,https://www.propertyfinder.ae/en/broker/better-homes-abu-dhabi-2595,total_properties:200,FALSE,https://www.propertyfinder.ae/en/find-broker/search,2026-04-26,
CN-1069541,Island Falcon Property Management,,,,,,"Office 305, Building Al Muntazah Tower, Al Khalidiya, Khalidiya Street, Abu Dhabi, PO Box 105599",+97124442123,info@ifpm.ae,https://www.propertyfinder.ae/en/broker/island-falcon-property-management-496,"commercial_listings:4,total_properties:22",TRUE,https://www.propertyfinder.ae/en/find-broker/search,2026-04-26,
CN-1069963,Sama International Properties,,,,,,"Office mezanen, Building same bldng of pizza pie, Al Khalidiya, khalidiya, Abu Dhabi, PO Box 0000",+97126503339,,https://www.propertyfinder.ae/en/broker/sama-international-properties-1855,"commercial_listings:1,total_properties:2",TRUE,https://www.propertyfinder.ae/en/find-broker/search,2026-04-26,email_office redacted: personal domain
CN-1073962,Profile Group Properties LLC,,,,,,"Office Villa A03, Building Marina Office Park [behind Marina Mall], Marina Village, marinaa village, Abu Dhabi, PO Box 000000",+97126355500,info@profilegroup.ae,https://www.propertyfinder.ae/en/broker/profile-group-properties-llc-790,"commercial_listings:1,total_properties:30",TRUE,https://www.propertyfinder.ae/en/find-broker/search,2026-04-26,
CN-1074043,MAAM Property Investment,,,,,,"Office 8th floor, Building Al Jowhara Tower, Al Mina, Dimyat Mas'oud Street, Abu Dhabi,",+971567533363,angelica@maam.ae,https://www.propertyfinder.ae/en/broker/maam-property-investment-12488,"investment,commercial_listings:1,total_properties:27",TRUE,https://www.propertyfinder.ae/en/find-broker/search,2026-04-26,
CN-1074826,Al Mamzar Real Estate,,,,,,"Office 13, Building skybox al jazzera club, Al Nahyan, Muroor, Abu Dhabi, PO Box 00",+97124447999,info@mmzr.ae,https://www.propertyfinder.ae/en/broker/al-mamzar-real-estate-2957,"commercial_listings:8,total_properties:54",TRUE,https://www.propertyfinder.ae/en/find-broker/search,2026-04-26,
CN-1078986,Remax Real Estate - LLC,,,,,,"Office 2, Building 9, Al Danah, east, Abu Dhabi, PO Box 0",+971501544806,info@remax.ae,https://www.propertyfinder.ae/en/broker/remax-real-estate-llc-11122,"commercial_listings:2,total_properties:60",TRUE,https://www.propertyfinder.ae/en/find-broker/search,2026-04-26,
CN-1080035,ALHADEEL REAL STATE L.L.C - SOLE PROPRIETORSHIP L.L.C.,,,,,,"Office 11, Building al wahda commercial tower, Airport Road, al wahda tower, Abu Dhabi, PO Box -",+97128870770,infoauh@alhadelgroup.com,https://www.propertyfinder.ae/en/broker/alhadeel-real-state-l-l-c-sole-proprietorship-l-l-c-v2-12960,total_properties:2,FALSE,https://www.propertyfinder.ae/en/find-broker/search,2026-04-26,
CN-1080347,RELAAM REAL ESTATE - L.L.C,,,,,,"Office Upper Basement Level, Madinat Zayed, Marina Mall, Abu Dhabi,",+97124067391,van.pasilan@relaam.com,https://www.propertyfinder.ae/en/broker/relaam-real-estate-l-l-c-1046,"commercial_listings:26,total_properties:35",TRUE,https://www.propertyfinder.ae/en/find-broker/search,2026-04-26,
CN-1106902,AL BASRA GEN. CONTRACTING CO.- LIMITED LIABILITY,,,,,,"Office 25, Building -, Al Ain Industrial Area, Al Noud, Al Ain, PO Box -",+971559177723,,https://www.propertyfinder.ae/en/broker/al-basra-gen-contracting-co-limited-liability-v2-179950,"commercial_listings:2,total_properties:24",TRUE,https://www.propertyfinder.ae/en/find-broker/search,2026-04-26,email_office redacted: personal domain
CN-1139084,CONSTRUCTION WORKERS RESIDENTIONAL CITY,,,,,,"Office 1, Building CWRC, Baniyas, al mafraq industrial, Abu Dhabi,",+97125850808,hemanta.karki@cwrc.ae,https://www.propertyfinder.ae/en/broker/construction-workers-residentional-city-9066,"commercial_listings:1,total_properties:1",TRUE,https://www.propertyfinder.ae/en/find-broker/search,2026-04-26,
CN-1141107,DAMAS REAL ESTATE - SOLE PROPRIETORSHIP L.L.C,,,,,,"Office ., Building ., Abu Dhabi Gate City, ., Abu Dhabi, PO Box .",+97125551370,management@damasrealestate1.ae,https://www.propertyfinder.ae/en/broker/damas-real-estate-sole-proprietorship-l-l-c-v2-180410,"commercial_listings:2,total_properties:7",TRUE,https://www.propertyfinder.ae/en/find-broker/search,2026-04-26,
CN-1144370,MD Real Estate LLC,,,,,,"Office ,, Building Building H, Khalifa City, Al Forsan Village, Abu Dhabi,",+97126429875,kika@mduae.net,https://www.propertyfinder.ae/en/broker/md-real-estate-llc-560,total_properties:208,FALSE,https://www.propertyfinder.ae/en/find-broker/search,2026-04-26,
CN-1144450,Model Town Real Estate & General Maintenance LLC,,,,,,"Office M37, Building villa 36, Khalifa City, khalifa city a, Abu Dhabi,",+971506915125,,https://www.propertyfinder.ae/en/broker/model-town-real-estate-general-maintenance-llc-1906,total_properties:17,FALSE,https://www.propertyfinder.ae/en/find-broker/search,2026-04-26,email_office redacted: personal domain
CN-1144795,Rex Real Estate,,,,,,"Office St regis, Building St regis hotel, Saadiyat Island, Saadiyat, Abu Dhabi,",+971502316677,info@rexuae.com,https://www.propertyfinder.ae/en/broker/rex-real-estate-1322,total_properties:3,FALSE,https://www.propertyfinder.ae/en/find-broker/search,2026-04-26,
CN-1150220,New Star Property Management,,,,,,"Office M Floor, Building NSPM Building, Al Wahda, Muroor St., Abu Dhabi, PO Box 000",+97126220040,e.lazzaro@newstar-llc.ae,https://www.propertyfinder.ae/en/broker/new-star-property-management-2110,total_properties:17,FALSE,https://www.propertyfinder.ae/en/find-broker/search,2026-04-26,
CN-1154203,MPM Properties,,,,,,"Office Ground floor, Building ADIB Building,, Al Bateen, Hazza Bin Zayed St., Abu Dhabi, PO Box 7148",+97126100545,imran.munir@mpmproperties.ae,https://www.propertyfinder.ae/en/broker/mpm-properties-1215,"commercial_listings:4,total_properties:9",TRUE,https://www.propertyfinder.ae/en/find-broker/search,2026-04-26,
CN-1158370,Abraj Al Husam Real Estate,,,,,,"Office office 6, Building M R M Salon, Khalifa City, khalifa city A, Abu Dhabi, PO Box 0000",+971555153015,,https://www.propertyfinder.ae/en/broker/abraj-al-husam-real-estate-3642,total_properties:1,FALSE,https://www.propertyfinder.ae/en/find-broker/search,2026-04-26,email_office redacted: personal domain
CN-1170545,One Deal Property Management And General Maintenance LLC,,,,,,"Office 140, Building Al jimi building, Al Jimi, Al Jimi 1, Al Ain, PO Box 00",+971527766872,,https://www.propertyfinder.ae/en/broker/one-deal-property-management-and-general-maintenance-llc-6963,"commercial_listings:1,total_properties:6",TRUE,https://www.propertyfinder.ae/en/find-broker/search,2026-04-26,email_office redacted: personal domain
CN-1170664,SERVCORP,,,,,,"Office Level 17, Building World Trade Center, Corniche Area, -, Abu Dhabi, PO Box -",+97126594100,meriem.sayah@servcorp.me,https://www.propertyfinder.ae/en/broker/servcorp-12952,"commercial_listings:8,total_properties:8",TRUE,https://www.propertyfinder.ae/en/find-broker/search,2026-04-26,
CN-1173770,Savills Abu Dhabi,,,,,,"Office Office 1201, Building Blue Sky Tower, Capital Centre, Khaleej Al Arabi, Abu Dhabi,",+97144391210,ali.ishaq@savills.me,https://www.propertyfinder.ae/en/broker/savills-abu-dhabi-862,"commercial_listings:5,total_properties:158",TRUE,https://www.propertyfinder.ae/en/find-broker/search,2026-04-26,
CN-1175763,Star Oscar Properties,,,,,,"Office 1, Building Building 304 ahmed faraj almuhairby, Al Reem Island, salem street, Abu Dhabi,",+971554988899,rabih@rabih.ca,https://www.propertyfinder.ae/en/broker/star-oscar-properties-3696,total_properties:1,FALSE,https://www.propertyfinder.ae/en/find-broker/search,2026-04-26,
CN-1177421,Luxury Homes Real Estate,,,,,,"Office 301, 3rd Floor, Building 37, Al Jimi, Al Taqqadum Street, Civic Center, Al Ain,",+971566609360,arif@luxuryhomes.co.ae,https://www.propertyfinder.ae/en/broker/luxury-homes-real-estate-2975,"commercial_listings:12,total_properties:14",TRUE,https://www.propertyfinder.ae/en/find-broker/search,2026-04-26,
CN-1177651,Curve Real Estate,,,,,,"Office 1201, Building Chain Holding Tower, Muroor Area, Muroor area, Abu Dhabi, PO Box 00000",+971504946173,pm@chain.ae,https://www.propertyfinder.ae/en/broker/curve-real-estate-12644,total_properties:13,FALSE,https://www.propertyfinder.ae/en/find-broker/search,2026-04-26,
CN-1178171,Eastern Sands Real Estate,,,,,,"Office 902, Building kamala tower, Al Khalidiya, Khalidya Street, Abu Dhabi, PO Box 131425",+97126431769,abir@esands.ae,https://www.propertyfinder.ae/en/broker/eastern-sands-real-estate-757,"commercial_listings:2,total_properties:52",TRUE,https://www.propertyfinder.ae/en/find-broker/search,2026-04-26,
CN-1180810,Mirage Capital Properties LLC,,,,,,"Office 1505 floor, Building Sheikha jamela tower, Airport Road, Airport road, Abu Dhabi,",+971502022797,info@mcpuae.com,https://www.propertyfinder.ae/en/broker/mirage-capital-properties-llc-5791,total_properties:363,FALSE,https://www.propertyfinder.ae/en/find-broker/search,2026-04-26,
CN-1183312,Don Rite Real Estate,,,,,,"Office 301, Building Next to Murooj hotel, Muroor Area, Muroor area, Abu Dhabi, PO Box 0000",+971501111728,kkaramastaji@donriterealestate.com,https://www.propertyfinder.ae/en/broker/don-rite-real-estate-4719,total_properties:32,FALSE,https://www.propertyfinder.ae/en/find-broker/search,2026-04-26,
CN-1184085,Ciarla Properties,,,,,,"Office -, Building -, Al Reem Island, -, Abu Dhabi, PO Box -",+971503496048,info@ciarlaproperties.com,https://www.propertyfinder.ae/en/broker/ciarla-properties-10754,total_properties:1,FALSE,https://www.propertyfinder.ae/en/find-broker/search,2026-04-26,
CN-1195521,Sindh Real Estate - Sole Proprietorship LLC,,,,,,"Office M Floor Office B27, Building Block B, Al Khalidiya, Khalidiya, Abu Dhabi,",+971555502889,,https://www.propertyfinder.ae/en/broker/sindh-real-estate-sole-proprietorship-llc-1807,total_properties:6,FALSE,https://www.propertyfinder.ae/en/find-broker/search,2026-04-26,email_office redacted: personal domain
CN-1197386,Nationwide Middle East Properties LLC,,,,,,"Office 1701, Building Das Tower - Corniche Rd - Abu Dhabi, Corniche Road, Corniche Rd, Abu Dhabi,",+97124912291,ameen@nwmea.com,https://www.propertyfinder.ae/en/broker/nationwide-middle-east-properties-llc-772,total_properties:521,FALSE,https://www.propertyfinder.ae/en/find-broker/search,2026-04-26,
CN-1324168,Infinite Dimensions Property Advisory LLC,,,,,,"Office 402, Building Sorouh Building, Al Nahyan, Murour Street, Abu Dhabi,",+97124443435,fzarouni@idimensionsuae.com,https://www.propertyfinder.ae/en/broker/infinite-dimensions-property-advisory-llc-847,total_properties:18,FALSE,https://www.propertyfinder.ae/en/find-broker/search,2026-04-26,
CN-1328060,Pure Home Real Estate,,,,,,"Office 403, Building AL WAHDA COMMERCIAL TOWER, Al Wahda, DEFENSE ROAD, Abu Dhabi,",+97124466775,rania@purehome-re.ae,https://www.propertyfinder.ae/en/broker/pure-home-real-estate-819,"commercial_listings:1,total_properties:17",TRUE,https://www.propertyfinder.ae/en/find-broker/search,2026-04-26,
CN-1336454,Galaxy Blue Real Estate LLC,,,,,,"Office 000, Building Mazyad Mall Office, Mohamed Bin Zayed City, Mazyad Mall, Abu Dhabi,",+971503775699,,https://www.propertyfinder.ae/en/broker/galaxy-blue-real-estate-llc-1497,total_properties:9,FALSE,https://www.propertyfinder.ae/en/find-broker/search,2026-04-26,email_office redacted: personal domain
CN-1390797,Select Homes Real Estate,,,,,,"Office Office 918, Building Corniche Building 5, Al Markaziyah, Qroun At Tufouh Street, Abu Dhabi, PO Box 00000",+97124910091,michelle@selecthomes.ae,https://www.propertyfinder.ae/en/broker/select-homes-real-estate-1415,total_properties:19,FALSE,https://www.propertyfinder.ae/en/find-broker/search,2026-04-26,
CN-1424904,First Choice Properties,,,,,,"Office Showroom 1, G Floor, Building Al Wahda City Residential Tower, Al Nahyan, Next Grand Millennium, Abu Dhabi,",+97143211717,mlakki@fcprop.net,https://www.propertyfinder.ae/en/broker/first-choice-properties-914,total_properties:283,FALSE,https://www.propertyfinder.ae/en/find-broker/search,2026-04-26,
CN-1470648,Future Direction Properties,,,,,,"Office 441, Building Mazyad Mall,  4th Floor Tower, Mussafah, 28th Street, Near Mussaffah, Abu Dhabi,",+971501108683,,https://www.propertyfinder.ae/en/broker/future-direction-properties-4448,total_properties:16,FALSE,https://www.propertyfinder.ae/en/find-broker/search,2026-04-26,email_office redacted: personal domain
CN-1487192,Crompton Partners Estate Agents AUH,,,,,,"Office 8, Building Zayed Stadium, Zayed Sports City, Zayed Sports City, Abu Dhabi,",8002723,ben.crompton@cpestateagents.com,https://www.propertyfinder.ae/en/broker/crompton-partners-estate-agents-auh-1007,total_properties:366,FALSE,https://www.propertyfinder.ae/en/find-broker/search,2026-04-26,
CN-1716171,INTERNATIONAL NMS PROPERTY MANAGEMENT,,,,,,"Office Mezannine 2, Building Al Falahi Building, Muroor Area, Street: 23rd Street Muroor Road, Abu Dhabi, PO Box 0",+97126359699,trading@nmsgroup.ae,https://www.propertyfinder.ae/en/broker/international-nms-property-management-7463,total_properties:47,FALSE,https://www.propertyfinder.ae/en/find-broker/search,2026-04-26,
CN-1722118,Zain Middle East Properties LLC,,,,,,"Office Office 2304, Building C88 Tower A, Electra Street, Electra St., Abu Dhabi,",+97126412151,jawad@zainme.net,https://www.propertyfinder.ae/en/broker/zain-middle-east-properties-llc-1222,"commercial_listings:3,total_properties:130",TRUE,https://www.propertyfinder.ae/en/find-broker/search,2026-04-26,
CN-1723194,Re/Max Smart Concept Real Estate,,,,,,"Office office 302, Building Al Faheem Building, Airport Road, Airport Road, Abu Dhabi,",+97124957070,moayyad.massad@concept-uae.com,https://www.propertyfinder.ae/en/broker/remax-smart-concept-real-estate-1242,total_properties:145,FALSE,https://www.propertyfinder.ae/en/find-broker/search,2026-04-26,
CN-1732335,EnSky Real Estate LLC,,,,,,"Office F04A First Floor, Building Al Raha Mall, Al Raha Beach, Al Raha, Abu Dhabi, PO Box 130799",+97124480086,ayub.k@enskyuae.com,https://www.propertyfinder.ae/en/broker/ensky-real-estate-llc-1257,total_properties:58,FALSE,https://www.propertyfinder.ae/en/find-broker/search,2026-04-26,
CN-1755016,Diamond Nest Property Management,,,,,,"Office 3rd floor, office 5, Building same bldng of Land Mark Plaza, Al Mina, 01, Abu Dhabi,",+971554785345,,https://www.propertyfinder.ae/en/broker/diamond-nest-property-management-3358,total_properties:16,FALSE,https://www.propertyfinder.ae/en/find-broker/search,2026-04-26,email_office redacted: personal domain
CN-1760474,Bold Middle East,,,,,,"Office South West 9 - M1, Building Office No 1, Mohamed Bin Zayed City, Sheikh Rashid Bin Saeed St, Abu Dhabi,",+971504458680,,https://www.propertyfinder.ae/en/broker/bold-middle-east-2919,"commercial_listings:3,total_properties:4",TRUE,https://www.propertyfinder.ae/en/find-broker/search,2026-04-26,email_office redacted: personal domain
CN-1761158,Golden Rose Property Management,,,,,,"Office 3rd floor, Building Behind Red Plaza, Al Salam Street, Salam street, Abu Dhabi,",+971553730005,,https://www.propertyfinder.ae/en/broker/golden-rose-property-management-1418,"commercial_listings:4,total_properties:29",TRUE,https://www.propertyfinder.ae/en/find-broker/search,2026-04-26,email_office redacted: personal domain
CN-1773051,Henry Wiltshire International,,,,,,"Office K2 L1, Building Aldar HQ, Al Raha Beach, Al Raha, Abu Dhabi, PO Box 12985",+97125553328,andrew.covill@henrywiltshire.com,https://www.propertyfinder.ae/en/broker/henry-wiltshire-international-1430,total_properties:127,FALSE,https://www.propertyfinder.ae/en/find-broker/search,2026-04-26,
CN-1830343,Town Properties,,,,,,"Office 6th floor, Building Opp med clinic, Al Nahyan, Mamoura Area, Abu Dhabi, PO Box 000000",+971553370329,rajaa@town.ae,https://www.propertyfinder.ae/en/broker/town-properties-3088,"commercial_listings:3,total_properties:70",TRUE,https://www.propertyfinder.ae/en/find-broker/search,2026-04-26,
CN-1835424,Grand Falcon Real Estate Management LLC,,,,,,"Office M 37, Building Plot no 18, Mussafah, M 37, Abu Dhabi,",+971505622779,,https://www.propertyfinder.ae/en/broker/grand-falcon-real-estate-management-llc-3521,"commercial_listings:38,total_properties:38",TRUE,https://www.propertyfinder.ae/en/find-broker/search,2026-04-26,email_office redacted: personal domain
CN-1878105,Best Home international,,,,,,"Office 4th floor, Building mazyad mall building 2, Mohamed Bin Zayed City, Mazyad mall, Abu Dhabi,",+971552000421,info@bhgroupae.com,https://www.propertyfinder.ae/en/broker/best-home-international-3842,"commercial_listings:9,total_properties:9",TRUE,https://www.propertyfinder.ae/en/find-broker/search,2026-04-26,
CN-1901076,Yellow Line Real Estate,,,,,,"Office 01, Building Hamdan Street M Floor Same Building Of AL Ansari Exchange Abu Dhabi, Khalifa City, 01, Abu Dhabi,",+971565425446,,https://www.propertyfinder.ae/en/broker/yellow-line-real-estate-1904,total_properties:19,FALSE,https://www.propertyfinder.ae/en/find-broker/search,2026-04-26,email_office redacted: personal domain
CN-1919804,Tri Homes Real Estate Brokers,,,,,,"Office Office 52 Level 15, Building Al Ferdous Tower, Al Salam Street, Salam Street, Abu Dhabi, PO Box 0",+971526896836,lei@trihomesre.com,https://www.propertyfinder.ae/en/broker/tri-homes-real-estate-brokers-2818,total_properties:17,FALSE,https://www.propertyfinder.ae/en/find-broker/search,2026-04-26,
CN-1932731,Lamaison Real Estate LLC,,,,,,"Office 1201, P.O. Box:31991, Building Nissan Showroom Building, Al Najda Street, Najda Street, Abu Dhabi,",+971562533452,info@lamaison-engineering.com,https://www.propertyfinder.ae/en/broker/lamaison-real-estate-llc-5524,"commercial_listings:4,total_properties:153",TRUE,https://www.propertyfinder.ae/en/find-broker/search,2026-04-26,
CN-1963927,MAXHOME PROPERTIES SOLE-PROPRIETORSHIP L.L.C.,,,,,,"Office Floor 11, Building Al Muhairy Center, Al Manhal, Zayed The First Street, Abu Dhabi, PO Box 94449",+97126665599,info@maxhomeproperty.com,https://www.propertyfinder.ae/en/broker/maxhome-properties-sole-proprietorship-l-l-c-2479,"commercial_listings:130,total_properties:130",TRUE,https://www.propertyfinder.ae/en/find-broker/search,2026-04-26,
CN-1983814,City Plaza Real Estate,,,,,,"Office Gate 26 3rd Floor, Building Al Jazira Sports Stadium, Al Etihad, Al Muroor, Abu Dhabi,",+971566664123,amira@cityplazaproperties.com,https://www.propertyfinder.ae/en/broker/city-plaza-real-estate-2135,total_properties:48,FALSE,https://www.propertyfinder.ae/en/find-broker/search,2026-04-26,
CN-2012781,AlKojak Properties LLC,,,,,,"Office 303, Building Al Heba Salon Bldg., Al Khalidiya, Khalidiya, Abu Dhabi,",+971557223991,info@alkojak.com,https://www.propertyfinder.ae/en/broker/alkojak-properties-llc-3703,"commercial_listings:7,total_properties:53",TRUE,https://www.propertyfinder.ae/en/find-broker/search,2026-04-26,
CN-2013557,Deans Real Estate Management L.L.C.,,,,,,"Office Office 601, Building C54, Al Nahyan, Al Mamoura, Abu Dhabi,",+971562403203,info@deans.ae,https://www.propertyfinder.ae/en/broker/deans-real-estate-management-l-l-c-3177,"commercial_listings:2,total_properties:175",TRUE,https://www.propertyfinder.ae/en/find-broker/search,2026-04-26,
CN-2020650,Shelter Homes Real Estate LLC,,,,,,"Office 214 2nd Floor, Building Al Khaznah Tower, Al Danah, Najdah Street, Abu Dhabi,",+97126711127,info@homesshelter.com,https://www.propertyfinder.ae/en/broker/shelter-homes-real-estate-llc-1857,total_properties:9,FALSE,https://www.propertyfinder.ae/en/find-broker/search,2026-04-26,
CN-2021160,Dimension Real Estate Brokers,,,,,,"Office 35 Floor, Building Sky Tower, Al Reem Island, Shams Abu Dhabi, Abu Dhabi,",+971509076815,klodian@dimensionuae.com,https://www.propertyfinder.ae/en/broker/dimension-real-estate-brokers-2289,total_properties:27,FALSE,https://www.propertyfinder.ae/en/find-broker/search,2026-04-26,
CN-2062948,Al Zaeem Lel Sharq Al Awsat Real Estate,,,,,,"Office E19 02, Building Reem Developers Building, Al Nahyan Camp, Sultan B. Zayed The First Street, Abu Dhabi, PO Box 0000",+97124433432,ahmed@azcb.co,https://www.propertyfinder.ae/en/broker/al-zaeem-lel-sharq-al-awsat-real-estate-779,"commercial_listings:7,total_properties:662",TRUE,https://www.propertyfinder.ae/en/find-broker/search,2026-04-26,
CN-2127327,High Land Real Estate,,,,,,"Office 0, Building 0, Al Najda Street, Najda St, Abu Dhabi,",+971559955321,,https://www.propertyfinder.ae/en/broker/high-land-real-estate-7975,"land,commercial_listings:3,total_properties:4",TRUE,https://www.propertyfinder.ae/en/find-broker/search,2026-04-26,email_office redacted: personal domain
CN-2160405,Mr Office Businessmen Services Center LLC,,,,,,"Office Office 811G, Building Tamouh Tower, Al Reem Island, Reem Island, Abu Dhabi,",+97124170402,sales@mroffice.ae,https://www.propertyfinder.ae/en/broker/mr-office-businessmen-services-center-llc-4621,"office,commercial_listings:21,total_properties:21",TRUE,https://www.propertyfinder.ae/en/find-broker/search,2026-04-26,
CN-2217546,Link Home Properties LLC,,,,,,"Office mezzanine, Building chai chilk, Al Wahda, behind falah plaza, Abu Dhabi, PO Box 2238",+97125013222,info@linkhome.ae,https://www.propertyfinder.ae/en/broker/link-home-properties-llc-2528,"commercial_listings:3,total_properties:34",TRUE,https://www.propertyfinder.ae/en/find-broker/search,2026-04-26,
CN-2234401,PLATINUM VISION REAL ESTATE,,,,,,"Office 1201, Building 19, Al Nahyan, east 25, Abu Dhabi, PO Box 000",+971506613117,hr@platinum-vision.net,https://www.propertyfinder.ae/en/broker/platinum-vision-real-estate-8321,total_properties:35,FALSE,https://www.propertyfinder.ae/en/find-broker/search,2026-04-26,
CN-2240600,CONRAD HOTEL APARTMENT ETIHAD TOWERS,,,,,,"Office Lobby, Building Etihad Towers, Corniche Area, Cornish, Abu Dhabi, PO Box -",+971504569284,nihan.demir@conradhotels.com,https://www.propertyfinder.ae/en/broker/conrad-hotel-apartment-etihad-towers-11030,"hotel,total_properties:7",TRUE,https://www.propertyfinder.ae/en/find-broker/search,2026-04-26,
CN-2243486,Copthorne Downtown,,,,,,"Office pearl azore building, Building copthorne down town, City Downtown, Zayed the first street, Abu Dhabi, PO Box 3541",+971504467460,ahmed.kamha@millenniumhotels.com,https://www.propertyfinder.ae/en/broker/copthorne-downtown-8106,total_properties:2,FALSE,https://www.propertyfinder.ae/en/find-broker/search,2026-04-26,
CN-2247477,NEXUS HOMES PROPERTY MANAGEMENT L.L.C.,,,,,,"Office 1771, Building Al gaith, Hamdan Street, 5th, Abu Dhabi, PO Box 108754",+97125089049,,https://www.propertyfinder.ae/en/broker/nexus-homes-property-management-l-l-c-2873,total_properties:48,FALSE,https://www.propertyfinder.ae/en/find-broker/search,2026-04-26,email_office redacted: personal domain
CN-2274044,Riayah Properties Management LLC - AUH,,,,,,"Office M1, Building Office Business Center, Hamdan Street, Hamdan St., Abu Dhabi, PO Box 0",+971567979046,info@riayah.ae,https://www.propertyfinder.ae/en/broker/riayah-properties-management-llc-auh-9849,"commercial_listings:1,total_properties:18",TRUE,https://www.propertyfinder.ae/en/find-broker/search,2026-04-26,
CN-2301096,Royal Lounge Properties,,,,,,"Office 1102, Building Makeen tower, Al Zahiyah, Near Abu Dhabi Mall, Abu Dhabi,",+97126665553,info@royallp.com,https://www.propertyfinder.ae/en/broker/royal-lounge-properties-2623,total_properties:100,FALSE,https://www.propertyfinder.ae/en/find-broker/search,2026-04-26,
CN-2317107,VIP LINE REAL ESTATE BROKERAGE - L.L.C - S.P.C :,,,,,,"Office -, Building -, Tourist Club Area, Beach rotana, Abu Dhabi, PO Box -",+971505577227,,https://www.propertyfinder.ae/en/broker/vip-line-real-estate-brokerage-l-l-c-s-p-c--11239,total_properties:47,FALSE,https://www.propertyfinder.ae/en/find-broker/search,2026-04-26,email_office redacted: personal domain
CN-2363020,Al Sultan International Real Estate LLC,,,,,,"Office East 11, 0, Building East 11, 0: ~, Building, Al Najda Street, Mana Saeed Ahmed Al Otaiba, Abu Dhabi,",+971505926700,sultan.alhusban@alsultanintl.com,https://www.propertyfinder.ae/en/broker/al-sultan-international-real-estate-llc-4431,"commercial_listings:1,total_properties:47",TRUE,https://www.propertyfinder.ae/en/find-broker/search,2026-04-26,
CN-2473904,Republik Real Estate Management LLC,,,,,,"Office 533, Building Al Ghaith Tower, Al Danah, Hamdan Bin Mohammed, Abu Dhabi,",+97124438140,natalya@rpublik.com,https://www.propertyfinder.ae/en/broker/republik-real-estate-management-llc-356,"commercial_listings:1,total_properties:22",TRUE,https://www.propertyfinder.ae/en/find-broker/search,2026-04-26,
CN-2519752,Maven Real Estate,,,,,,"Office 0, Building 0, Mohamed Bin Zayed City, 0, Abu Dhabi,",+971564014795,,https://www.propertyfinder.ae/en/broker/maven-real-estate-12500,total_properties:8,FALSE,https://www.propertyfinder.ae/en/find-broker/search,2026-04-26,email_office redacted: personal domain
CN-2521518,METROPOLITAN CAPITAL REAL ESTATE - SOLE PROPRIETORSHIP L.L.C.,,,,,,"Office 706, Building Guardian Office Tower, Danet Abu Dhabi, Sheikh Sultan Bin Zayed Street, Abu Dhabi, PO Box 109531",+97122049700,property@abu-dhabi.realestate,https://www.propertyfinder.ae/en/broker/metropolitan-capital-real-estate-sole-proprietorship-l-l-c-3301,"commercial_listings:7,total_properties:1203",TRUE,https://www.propertyfinder.ae/en/find-broker/search,2026-04-26,
CN-2544693,Sustainble Homes Real Estate,,,,,,"Office 14, Building Bin Hamoudah Tower, Al Rawdah, Al Khaleej Al Arabi, Abu Dhabi,",+971555538387,h.altamimi@sustainblehomes.ae,https://www.propertyfinder.ae/en/broker/sustainble-homes-real-estate-3530,"commercial_listings:1,total_properties:302",TRUE,https://www.propertyfinder.ae/en/find-broker/search,2026-04-26,
CN-2599493,Savoy Real Estate Management L.L.C,,,,,,"Office M03, Building Same Karmen Flowers, Defense Road, Defence St., Abu Dhabi,",+971508120061,info@savoy.ae,https://www.propertyfinder.ae/en/broker/savoy-real-estate-management-l-l-c-3316,total_properties:75,FALSE,https://www.propertyfinder.ae/en/find-broker/search,2026-04-26,
CN-2627577,Maskan Commercial Brokers,,,,,,"Office 2nd Floor, Building FAB Bldg, Al Najda Street, Al Najda, Abu Dhabi,",+971558784950,,https://www.propertyfinder.ae/en/broker/maskan-commercial-brokers-3291,"commercial,total_properties:20",TRUE,https://www.propertyfinder.ae/en/find-broker/search,2026-04-26,email_office redacted: personal domain
CN-2671038,PROPERTY SQUARE REAL ESTATE & GENERAL MAINTENANCE,,,,,,"Office 1003, Building Al Ain Ahlia Building, Defense Road, Hamdan St, Abu Dhabi,",+971559311724,info@propsq.com,https://www.propertyfinder.ae/en/broker/property-square-real-estate-general-maintenance-3419,total_properties:41,FALSE,https://www.propertyfinder.ae/en/find-broker/search,2026-04-26,
CN-2681702,Fibrex Properties,,,,,,"Office Mezanen, Building Mussafah, Mussafah, Musaafah, Abu Dhabi,",+971504695638,properties@fibrex.ae,https://www.propertyfinder.ae/en/broker/fibrex-properties-3864,total_properties:2,FALSE,https://www.propertyfinder.ae/en/find-broker/search,2026-04-26,
CN-2686391,LLJ,,,,,,"Office West Wing, Building Al Jazira Sports & Cultural Club, Al Etihad, 4th Street, Abu Dhabi, PO Box 107729",+97124950500,jane@lljproperty.com,https://www.propertyfinder.ae/en/broker/llj-331,total_properties:114,FALSE,https://www.propertyfinder.ae/en/find-broker/search,2026-04-26,
CN-2689944,YOUR KEY PROPERTY MANAGEMENT L.L.C.,,,,,,"Office floor 3  office numb, Building millennium tower, Hamdan Street, hamdan street, Abu Dhabi,",+971544517999,,https://www.propertyfinder.ae/en/broker/your-key-property-management-l-l-c-3429,total_properties:115,FALSE,https://www.propertyfinder.ae/en/find-broker/search,2026-04-26,email_office redacted: personal domain
CN-2698858,Seashore Properties & Building Maintenance,,,,,,"Office 301, Building villa 38, Mohamed Bin Zayed City, city zone 25, Abu Dhabi,",+971556670550,saidh@seashoreabudhabi.com,https://www.propertyfinder.ae/en/broker/seashore-properties-building-maintenance-3443,total_properties:43,FALSE,https://www.propertyfinder.ae/en/find-broker/search,2026-04-26,
CN-2702231,Quality Finder Real Estate Management,,,,,,"Office M 01, Building same building habib bank, Al Falah City, al falah city, Abu Dhabi,",+971522429902,,https://www.propertyfinder.ae/en/broker/quality-finder-real-estate-management-3436,total_properties:31,FALSE,https://www.propertyfinder.ae/en/find-broker/search,2026-04-26,email_office redacted: personal domain
CN-2734449,The Property Hub LLC,,,,,,"Office Office 3rd Floor, Building Al Khalidiya, Al Khalidiya, Same Al Manara Pharmacy/Subway Bldg, Abu Dhabi, PO Box .",+971504453223,ruba@tph.abudhabi,https://www.propertyfinder.ae/en/broker/the-property-hub-llc-8141,total_properties:29,FALSE,https://www.propertyfinder.ae/en/find-broker/search,2026-04-26,
CN-2753144,Unique Homes WorldWide Properties LLC,,,,,,"Office 19th Floor, Building Landmark Tower, Corniche Area, Corniche Road, Abu Dhabi, PO Box 00000",+971549981998,m.aljbour@uhpae.com,https://www.propertyfinder.ae/en/broker/unique-homes-worldwide-properties-llc-5906,total_properties:222,FALSE,https://www.propertyfinder.ae/en/find-broker/search,2026-04-26,
CN-2787196,WEALTH FINDER FINANCIAL AND REAL ESTATE BROKERAGE - L.L.C.,,,,,,"Office 204, Building Salam HQ Building - Canon building, Al Salam Street, 30826 AUH, Abu Dhabi, PO Box 00000",+971502051916,contact@wealthfinder.ae,https://www.propertyfinder.ae/en/broker/wealth-finder-real-estate-5166,total_properties:5,FALSE,https://www.propertyfinder.ae/en/find-broker/search,2026-04-26,
CN-2797722,AVISON YOUNG PROPERTY,,,,,,"Office 0, Building Bldg. No 7, Al Nahyan Camp, Al Hadbah Street, Abu Dhabi, PO Box 0",+97122042111,info@zmsproperties.ae,https://www.propertyfinder.ae/en/broker/avison-young-property-3937,total_properties:3,FALSE,https://www.propertyfinder.ae/en/find-broker/search,2026-04-26,
CN-2800273,Bramwell & Partners Real Estate Management LLC,,,,,,"Office 305, Building Sama Tower, Hamdan Street, Hamdan St., Abu Dhabi,",+971564947631,mike@bramwellre.com,https://www.propertyfinder.ae/en/broker/bramwell-partners-real-estate-management-llc-4034,total_properties:69,FALSE,https://www.propertyfinder.ae/en/find-broker/search,2026-04-26,
CN-2830210,Mars Real Estate LLC AUH,,,,,,"Office 503, Building Land Mark Plaza Pharmacy, Muroor Area, -, Abu Dhabi, PO Box -",+971562329605,info@mymarsrealestate.com,https://www.propertyfinder.ae/en/broker/mars-real-estate-llc-auh-3886,total_properties:5,FALSE,https://www.propertyfinder.ae/en/find-broker/search,2026-04-26,
CN-2832576,Open Home Properties L.L.C.,,,,,,"Office 21, Building Business Avenue, Al Salam Street, Salam Street, Abu Dhabi,",+971503696842,info@ohp-abudhabi.com,https://www.propertyfinder.ae/en/broker/open-home-properties-l-l-c-4928,"commercial_listings:3,total_properties:284",TRUE,https://www.propertyfinder.ae/en/find-broker/search,2026-04-26,
CN-2847934,Abraj Al Marina Real Estate,,,,,,"Office 33, Building Sector 33, Khalifa City, Al Forsan, Abu Dhabi, PO Box NA",+971502651117,,https://www.propertyfinder.ae/en/broker/abraj-al-marina-real-estate-9984,"commercial_listings:1,total_properties:3",TRUE,https://www.propertyfinder.ae/en/find-broker/search,2026-04-26,email_office redacted: personal domain
CN-2859359,AL HASSAN PROPERTY MANAGEMENT - L.L.C. - S.P.C,,,,,,"Office ME 06, Building 0, Mussafah, Mussafah, Abu Dhabi, PO Box 0",+971569399835,,https://www.propertyfinder.ae/en/broker/al-hassan-property-management-l-l-c-s-p-c-12662,total_properties:14,FALSE,https://www.propertyfinder.ae/en/find-broker/search,2026-04-26,email_office redacted: personal domain
CN-2968535,Esteem Real Estate Management LLC,,,,,,"Office Office 12, Building M13, Mussafah, Mussafah 13, Abu Dhabi,",+971505170042,,https://www.propertyfinder.ae/en/broker/esteem-real-estate-management-llc-4091,"commercial_listings:44,total_properties:44",TRUE,https://www.propertyfinder.ae/en/find-broker/search,2026-04-26,email_office redacted: personal domain
CN-2971735,ABC Properties,,,,,,"Office 901, Building Makeen Tower, Al Zahiyah, nahyan, Abu Dhabi,",+971505110772,william@abcrealestate.ae,https://www.propertyfinder.ae/en/broker/abc-properties-4086,total_properties:122,FALSE,https://www.propertyfinder.ae/en/find-broker/search,2026-04-26,
CN-2997221,Accommodator Property Management L.L.C.,,,,,,"Office 5th Floor, 513, Building Max home Business Center, Muroor Area, 01, Abu Dhabi,",+971504078600,,https://www.propertyfinder.ae/en/broker/accommodator-property-management-l-l-c-6406,total_properties:13,FALSE,https://www.propertyfinder.ae/en/find-broker/search,2026-04-26,email_office redacted: personal domain
CN-3637677,Providential Properties Management,,,,,,"Office 201, Building Al Mariah Tower, Airport Road, Airport Road, Abu Dhabi,",+971545578633,mh@providentialproperties.ae,https://www.propertyfinder.ae/en/broker/providential-properties-management-4104,total_properties:9,FALSE,https://www.propertyfinder.ae/en/find-broker/search,2026-04-26,
CN-3646671,Reign Real Estate LLC,,,,,,"Office 1803, Building Business Tower D, Electra Street, Electra Street, Abu Dhabi, PO Box 000",+971543266000,vijay@reignestates.com,https://www.propertyfinder.ae/en/broker/reign-real-estate-llc-4116,total_properties:18,FALSE,https://www.propertyfinder.ae/en/find-broker/search,2026-04-26,
CN-3676849,TENANTS CHOICE PROPERTY MANAGEMENT & GENERAL MAINTENANCE L.L.C.,,,,,,"Office 906, Building Zigzag, Tourist Club Area, Tourist Club Area, Abu Dhabi,",+971544520033,pm@tenantschoice.ae,https://www.propertyfinder.ae/en/broker/tenants-choice-property-management-general-maintenance-l-l-c-7205,total_properties:4,FALSE,https://www.propertyfinder.ae/en/find-broker/search,2026-04-26,
CN-3697613,Rose Island Real estate,,,,,,"Office 2nd Floor, Building Al Zubara Building, Al Salam Street, Salam Street, Abu Dhabi, PO Box 000",+971523004178,,https://www.propertyfinder.ae/en/broker/rose-island-real-estate-4172,total_properties:260,FALSE,https://www.propertyfinder.ae/en/find-broker/search,2026-04-26,email_office redacted: personal domain
CN-3701291,BENAA ALMOSTAQBAL PROPERTY,,,,,,"Office 0, Building Oud Al Touba, Al Jimi, Ali Bin Abi Talib, Al Ain, PO Box 0",+971509000265,,https://www.propertyfinder.ae/en/broker/benaa-almostaqbal-property-6962,"commercial_listings:3,total_properties:6",TRUE,https://www.propertyfinder.ae/en/find-broker/search,2026-04-26,email_office redacted: personal domain
CN-3727493,Forsah Real Estate Brokerage,,,,,,"Office 8, Building Tamouh Bldg, Al Reem Island, Marina Square St., Abu Dhabi,",+971505223903,,https://www.propertyfinder.ae/en/broker/forsah-real-estate-brokerage-5946,total_properties:4,FALSE,https://www.propertyfinder.ae/en/find-broker/search,2026-04-26,email_office redacted: personal domain
CN-3741896,IRealtor Real Estate,,,,,,"Office 0, Building 0, Mussafah, M04, Abu Dhabi,",+971557443822,aysha@i-realtor.ae,https://www.propertyfinder.ae/en/broker/irealtor-real-estate-6828,total_properties:84,FALSE,https://www.propertyfinder.ae/en/find-broker/search,2026-04-26,
CN-3742435,Kennedy Property - Abu Dhabi,,,,,,"Al Raha Beach, Abu Dhabi,",+97128864215,info@kennedyproperty.com,https://www.propertyfinder.ae/en/broker/kennedy-property-abu-dhabi-5090,total_properties:27,FALSE,https://www.propertyfinder.ae/en/find-broker/search,2026-04-26,
CN-3762725,Mi Casa - Abu Dhabi,,,,,,"Office 0, Building Al Masood Building, Al Najda Street, Al Najda Street, Abu Dhabi,",+971556262662,,https://www.propertyfinder.ae/en/broker/mi-casa-abu-dhabi-4261,total_properties:18,FALSE,https://www.propertyfinder.ae/en/find-broker/search,2026-04-26,email_office redacted: personal domain
CN-3762819,Murjan Asfar Real Estate Management,,,,,,"Office 000, Building ooo, Airport Road, Airport Road, Abu Dhabi, PO Box 3535",+971564147160,gabriela@murjanrealestate.com,https://www.propertyfinder.ae/en/broker/murjan-asfar-real-estate-management-6027,total_properties:2,FALSE,https://www.propertyfinder.ae/en/find-broker/search,2026-04-26,
CN-3766152,Paddock Real Estate LLC,,,,,,"Office -, Building -, Rawdhat Abu Dhabi, -, Abu Dhabi, PO Box -",+971564223672,a.saad@paddockre.com,https://www.propertyfinder.ae/en/broker/paddock-real-estate-llc-4686,"commercial_listings:3,total_properties:16",TRUE,https://www.propertyfinder.ae/en/find-broker/search,2026-04-26,
CN-3769628,ONWANI PROPERTIES,,,,,,"Office 1601, Building Sheikha Jamila Tower, Airport Road, Airport Road, Abu Dhabi, PO Box 000",+971554841810,alaa@onwanimortgage.ae,https://www.propertyfinder.ae/en/broker/onwani-properties-6478,"commercial_listings:1,total_properties:64",TRUE,https://www.propertyfinder.ae/en/find-broker/search,2026-04-26,
CN-3815335,Address Point Properties LLC,,,,,,"Office 10, Building al fanar bldng, Muroor Area, muroor area, Abu Dhabi,",+971564148841,marketing@approperties.ae,https://www.propertyfinder.ae/en/broker/address-point-properties-llc-5084,total_properties:35,FALSE,https://www.propertyfinder.ae/en/find-broker/search,2026-04-26,
CN-3821469,Hero Real Estate,,,,,,"Office 2601, Building Shining Tower, Al Khalidiya, Mubarak Bin Mohammed St, Abu Dhabi, PO Box 0000",+971543330606,tasneem@herorealestate.ae,https://www.propertyfinder.ae/en/broker/hero-real-estate-4555,total_properties:101,FALSE,https://www.propertyfinder.ae/en/find-broker/search,2026-04-26,
CN-3833806,Al Mira Real Estate,,,,,,"Office office 1501, Building Massoud, Al Najda Street, Najda Street, Abu Dhabi,",+971528050666,,https://www.propertyfinder.ae/en/broker/al-mira-real-estate-4337,"commercial_listings:3,total_properties:396",TRUE,https://www.propertyfinder.ae/en/find-broker/search,2026-04-26,email_office redacted: personal domain
CN-3840821,Al Anaam Real Estate,,,,,,"Office Al Jarneen Tower, Building M03, Al Khalidiya, Same as Wanasa Building, Abu Dhabi,",+971563316166,,https://www.propertyfinder.ae/en/broker/al-anaam-real-estate-5313,"commercial_listings:1,total_properties:3",TRUE,https://www.propertyfinder.ae/en/find-broker/search,2026-04-26,email_office redacted: personal domain
CN-3843550,HYDE PARK REAL ESTATE,,,,,,"Office 1202, Building Spar, Al Najda Street, Al Najda, Abu Dhabi,",+971558557100,info@hydeparkae.com,https://www.propertyfinder.ae/en/broker/hyde-park-real-estate-8119,"commercial_listings:2,total_properties:18",TRUE,https://www.propertyfinder.ae/en/find-broker/search,2026-04-26,
CN-3857290,RAJAS PROPERTIES AND GENERAL MAINTENANCE - L.L.C,,,,,,"Office 4th Floor, Building Ahmed Al Mazrouei Building, Al Nahyan, Al Nahyan, Abu Dhabi,",+971529982909,info@rajasproperties.com,https://www.propertyfinder.ae/en/broker/rajas-properties-and-general-maintenance-l-l-c-8656,total_properties:20,FALSE,https://www.propertyfinder.ae/en/find-broker/search,2026-04-26,
CN-3861750,Real Living Real Estate and General Maintenance,,,,,,"Office 09, Building marina squar, Al Reem Island, 87, Abu Dhabi, PO Box 0",+971543787301,contact@realliving.ae,https://www.propertyfinder.ae/en/broker/real-living-real-estate-and-general-maintenance-6698,total_properties:3,FALSE,https://www.propertyfinder.ae/en/find-broker/search,2026-04-26,
CN-3869580,M Dot H Real Estate,,,,,,"Office 1, Building emirates development bank, Defense Road, Defense Road, Abu Dhabi,",+971507362095,info@mhre.ae,https://www.propertyfinder.ae/en/broker/m-dot-h-real-estate-4417,"commercial_listings:1,total_properties:14",TRUE,https://www.propertyfinder.ae/en/find-broker/search,2026-04-26,
CN-3884714,Top Closers Real Estate,,,,,,"Office 06, Building Building 14, Near Remal Mall, Al Ain Industrial Area, al ain industrial, Al Ain,",+97137553401,support@topclosers.ae,https://www.propertyfinder.ae/en/broker/top-closers-real-estate-4398,total_properties:51,FALSE,https://www.propertyfinder.ae/en/find-broker/search,2026-04-26,
CN-3902782,THE FIRST BRICK PROPERTIES AND GENERAL MAINTENANCE,,,,,,"Office N/A, Building N/A, Tourist Club Area, Tourist Club, Abu Dhabi,",+971561606467,,https://www.propertyfinder.ae/en/broker/the-first-brick-properties-and-general-maintenance-9181,total_properties:5,FALSE,https://www.propertyfinder.ae/en/find-broker/search,2026-04-26,email_office redacted: personal domain
CN-3904620,HOME CITY REAL ESTATE - SOLE PROPRIETORSHIP L.L.C.,,,,,,"Office Office 204, Building Twin Residence , Tower B, Madinat Zayed, Madinat AL riyad, Abu Dhabi,",+971501002933,,https://www.propertyfinder.ae/en/broker/home-city-real-estate-sole-proprietorship-l-l-c-7750,total_properties:2,FALSE,https://www.propertyfinder.ae/en/find-broker/search,2026-04-26,email_office redacted: personal domain
CN-3905612,Corniche Lake Properties,,,,,,"Office 1st Floor, Building Budget Lane, Corniche Area, Khalifa Bin Zayed The First, Abu Dhabi,",+971501722406,,https://www.propertyfinder.ae/en/broker/corniche-lake-properties-5159,total_properties:1,FALSE,https://www.propertyfinder.ae/en/find-broker/search,2026-04-26,email_office redacted: personal domain
CN-3906999,Capital Avenue Real Estate,,,,,,"Office Floor MZ, Building Al Sahel Towers Block B, Corniche Area, Al Quds Street, Abu Dhabi, PO Box 0000",+971506222754,rachad@thecapitalavenue.com,https://www.propertyfinder.ae/en/broker/capital-avenue-real-estate-4425,"commercial_listings:3,total_properties:379",TRUE,https://www.propertyfinder.ae/en/find-broker/search,2026-04-26,
CN-3908753,BLOOMFIELDS FACILITIES MANAGMENT,,,,,,,+971542528418,inquiry@bfliving.com,https://www.propertyfinder.ae/en/broker/bloomfields-facilities-managment-12570,total_properties:4,FALSE,https://www.propertyfinder.ae/en/find-broker/search,2026-04-26,
CN-3908753,Bloomfields,,,,,,"Office 103, Building Montazah Tower, Al Bateen, Khalidiyah St - W10, Abu Dhabi, PO Box 0000",+971542528418,info@bloomfieldsfm.com,https://www.propertyfinder.ae/en/broker/bloomfields-5769,total_properties:113,FALSE,https://www.propertyfinder.ae/en/find-broker/search,2026-04-26,
CN-3923971,Awal for Real Estate,,,,,,"Office 401|402, Building Salam HQ Tower, Al Zahiyah, Al Salam St, Abu Dhabi,",+971502295656,,https://www.propertyfinder.ae/en/broker/awal-for-real-estate-4750,total_properties:43,FALSE,https://www.propertyfinder.ae/en/find-broker/search,2026-04-26,email_office redacted: personal domain
CN-3932381,Marvel Avengers Real Estate,,,,,,"Office 0000, Building mazyada mall offices, Mohamed Bin Zayed City, mohamed bin zayed city, Abu Dhabi,",+971586222914,,https://www.propertyfinder.ae/en/broker/marvel-avengers-real-estate-8079,"commercial_listings:1,total_properties:28",TRUE,https://www.propertyfinder.ae/en/find-broker/search,2026-04-26,email_office redacted: personal domain
CN-3939411,Start Investment,,,,,,"Office Office 26, Building Behind delma mall, Mussafah, Icad, Abu Dhabi, PO Box 0000",+971563936361,,https://www.propertyfinder.ae/en/broker/start-investment-5860,"investment,total_properties:13",TRUE,https://www.propertyfinder.ae/en/find-broker/search,2026-04-26,email_office redacted: personal domain
CN-3990375,Oia Properties,,,,,,"Office 104, Building Guardian tower, Muroor Area, Muroor road, Abu Dhabi,",+971553370329,info@oiaproperties.com,https://www.propertyfinder.ae/en/broker/oia-properties-6443,"commercial_listings:3,total_properties:558",TRUE,https://www.propertyfinder.ae/en/find-broker/search,2026-04-26,
CN-3990388,Deals Experts Real Estate,,,,,,"Office 23, Building Al Wahda Commercial Tower, Al Wahda, Al Wahda St., Abu Dhabi,",+971559716446,info@dere.ae,https://www.propertyfinder.ae/en/broker/deals-experts-real-estate-4549,total_properties:324,FALSE,https://www.propertyfinder.ae/en/find-broker/search,2026-04-26,
CN-4008653,Grand Investment Real Estate,,,,,,"Office 706, Building Alpha, Al Salam Street, Salam, Abu Dhabi,",+971509862986,,https://www.propertyfinder.ae/en/broker/grand-investment-real-estate-5977,"investment,total_properties:56",TRUE,https://www.propertyfinder.ae/en/find-broker/search,2026-04-26,email_office redacted: personal domain
CN-4015529,Sand Seekers Real Estate LLC,,,,,,"Office 2202, Building ADCB Commercial Tower A, Mohamed Bin Zayed City, Zayed Street, Abu Dhabi,",+971509495053,,https://www.propertyfinder.ae/en/broker/sand-seekers-real-estate-llc-6793,total_properties:88,FALSE,https://www.propertyfinder.ae/en/find-broker/search,2026-04-26,email_office redacted: personal domain
CN-4038654,THE H REAL ESTATE,,,,,,"Office 101, Building 0, Al Salam Street, Khalifa park, Abu Dhabi, PO Box 0",+971527390590,info@thehr.ae,https://www.propertyfinder.ae/en/broker/the-h-real-estate-7075,total_properties:2,FALSE,https://www.propertyfinder.ae/en/find-broker/search,2026-04-26,
CN-4065246,Nara Real Estate,,,,,,"Office 506, Building Salam headquarters Building, Al Zahiyah, Salam St., Abu Dhabi,",+971569246363,,https://www.propertyfinder.ae/en/broker/nara-real-estate-4687,"commercial_listings:2,total_properties:44",TRUE,https://www.propertyfinder.ae/en/find-broker/search,2026-04-26,email_office redacted: personal domain
CN-4081709,Belmonte Real Estate,,,,,,"Office OFFICE 1, Building BC21, Abu Dhabi Gate City, al nahyan, Abu Dhabi, PO Box -",+971527866900,info@belmonte-uae.com,https://www.propertyfinder.ae/en/broker/bel-monte-real-estate-9359,total_properties:9,FALSE,https://www.propertyfinder.ae/en/find-broker/search,2026-04-26,
CN-4140175,House To Own Real Estate Management LLC,,,,,,"Office Office 1103, Building Salam HQ Building, Al Salam Street, Salam Streem, Abu Dhabi,",+97125468388,info@h2o-properties.ae,https://www.propertyfinder.ae/en/broker/house-to-own-real-estate-management-llc-4981,total_properties:136,FALSE,https://www.propertyfinder.ae/en/find-broker/search,2026-04-26,
CN-4148059,Primesto Properties Management,,,,,,"Office 886, Building Ghaith Tower, Hamdan Street, Hamdan, Abu Dhabi, PO Box 000",+971524352020,admin@primestoproperties.ae,https://www.propertyfinder.ae/en/broker/primesto-properties-management-4814,total_properties:32,FALSE,https://www.propertyfinder.ae/en/find-broker/search,2026-04-26,
CN-4159568,Beauty Homes Real Estate,,,,,,"Office 01, Building Al Remah Tower, Al Khalidiya, Al khaldiya, Abu Dhabi,",+971568991368,frank.c@beautyhomesuae.com,https://www.propertyfinder.ae/en/broker/beauty-homes-real-estate-6487,total_properties:1,FALSE,https://www.propertyfinder.ae/en/find-broker/search,2026-04-26,
CN-4173187,X AND Y PROPERTY - SOLE PROPRIETORSHIP L.L.C.,,,,,,"Office 702, Building Al Khazna Tower, Al Najda Street, -, Abu Dhabi, PO Box -",+971505627790,ibrahim@xyprops.com,https://www.propertyfinder.ae/en/broker/x-and-y-property-sole-proprietorship-l-l-c-11255,total_properties:40,FALSE,https://www.propertyfinder.ae/en/find-broker/search,2026-04-26,
CN-4197901,Silver wave Properties LLC,,,,,,"Office 10 floor, office1012, Building galleria cafe, Al Nahyan Camp, nahyan, Abu Dhabi, PO Box 0000",+971581311200,info@swproperties.llc,https://www.propertyfinder.ae/en/broker/silver-wave-properties-llc-4918,total_properties:43,FALSE,https://www.propertyfinder.ae/en/find-broker/search,2026-04-26,
CN-4213709,The Loft Real Estate Management LLC,,,,,,"Office 000, Building 000, Al Bateen, al bateen street, Abu Dhabi, PO Box 000",+971529409682,contact@theloftproperty.com,https://www.propertyfinder.ae/en/broker/the-loft-real-estate-management-llc-4912,"commercial_listings:1,total_properties:18",TRUE,https://www.propertyfinder.ae/en/find-broker/search,2026-04-26,
CN-4216275,Double A For Real Estate Mangement,,,,,,"Office 101, Building 111, Khalifa City, madinet al ryad, Abu Dhabi, PO Box 0000",+971566356437,,https://www.propertyfinder.ae/en/broker/double-a-for-real-estate-mangement-8439,total_properties:3,FALSE,https://www.propertyfinder.ae/en/find-broker/search,2026-04-26,email_office redacted: personal domain
CN-4259134,Hummingbird Real Estate,,,,,,"Office 9, Building 37, Al Ain Industrial Area, Luluat Al Rahaa, Al Ain,",+971502169387,,https://www.propertyfinder.ae/en/broker/hummingbird-real-estate-4974,"commercial_listings:4,total_properties:35",TRUE,https://www.propertyfinder.ae/en/find-broker/search,2026-04-26,email_office redacted: personal domain
CN-4321285,EGC Properties LLC,,,,,,"Office Office 2101, Building Business Avenue Tower, Al Salam Street, Salam Road, Abu Dhabi,",+971502376812,marketing@empiregroupuae.com,https://www.propertyfinder.ae/en/broker/egc-properties-llc-5105,"commercial_listings:3,total_properties:110",TRUE,https://www.propertyfinder.ae/en/find-broker/search,2026-04-26,
CN-4323438,Tanami Properties AD,,,,,,"Office C3. F3-15, Building ,, Tourist Club Area, ,, Abu Dhabi,",+971547723784,asma@tanamiproperties.ae,https://www.propertyfinder.ae/en/broker/tanami-properties-ad-5133,total_properties:44,FALSE,https://www.propertyfinder.ae/en/find-broker/search,2026-04-26,
CN-4329843,Meridian Group,,,,,,"Office 303, Building Baynuna, Corniche Road, corniche, Abu Dhabi, PO Box 0",+971509070390,management@meridiangroup.ae,https://www.propertyfinder.ae/en/broker/meridian-group-11301,total_properties:93,FALSE,https://www.propertyfinder.ae/en/find-broker/search,2026-04-26,
CN-4337764,High Vision Properties,,,,,,"Office 1902, Building ADCB Commercial Tower – A, Al Danah, behind City Season Hotel - Zone 1, Abu Dhabi,",+971524347074,info@hvprops.com,https://www.propertyfinder.ae/en/broker/high-vision-properties-7596,"commercial_listings:1,total_properties:80",TRUE,https://www.propertyfinder.ae/en/find-broker/search,2026-04-26,
CN-4345206,Temron Properties,,,,,,"Office 4th Floor, Building Corniche Building, Corniche Area, Corniche Road, Abu Dhabi,",+971561194181,r.tembeik@temronproperties.com,https://www.propertyfinder.ae/en/broker/temron-properties-6552,total_properties:25,FALSE,https://www.propertyfinder.ae/en/find-broker/search,2026-04-26,
CN-4347412,Anata Home Real Estate Broker,,,,,,"Office E18_03-C11 OFFICE-1, Building Instashop Bldg, Al Danah, Al falah street, Abu Dhabi,",+971553982550,nareg@anatahome.com,https://www.propertyfinder.ae/en/broker/anata-home-real-estate-broker-6397,total_properties:11,FALSE,https://www.propertyfinder.ae/en/find-broker/search,2026-04-26,
CN-4350698,SALE AND DWELL REAL ESTATE AND MAINTENANCE,,,,,,"Office Floor 3, Office 511, Building Zig-Zag Building, Corniche Road, Al Zahiyah – E16, Abu Dhabi, PO Box 0",+971569247007,,https://www.propertyfinder.ae/en/broker/sale-and-dwell-real-estate-and-maintenance-10136,total_properties:27,FALSE,https://www.propertyfinder.ae/en/find-broker/search,2026-04-26,email_office redacted: personal domain
CN-4361907,DART REAL ESTATE L.L.C,,,,,,"Office 01, Building Liwa Center Building, Hamdan Street, Hamdan Street, Abu Dhabi, PO Box 000",+971556106554,narayan@dart-realestate.com,https://www.propertyfinder.ae/en/broker/dart-real-estate-l-l-c-5252,total_properties:14,FALSE,https://www.propertyfinder.ae/en/find-broker/search,2026-04-26,
CN-4372716,Trust Well Properties Management,,,,,,"Office M, Building Al Sawary Tower, Corniche Area, Corniche Road, Abu Dhabi, PO Box 000",+971524263377,,https://www.propertyfinder.ae/en/broker/trust-well-properties-management-8228,"commercial_listings:90,total_properties:90",TRUE,https://www.propertyfinder.ae/en/find-broker/search,2026-04-26,email_office redacted: personal domain
CN-4387040,FIRST ONE REAL ESTATE - L.L.C - O.P.C,,,,,,"Office 703, Building Opal House,, Al Nahyan Camp, Ma'amourah st - Al Nahyan - E25, Abu Dhabi,",+971506172013,,https://www.propertyfinder.ae/en/broker/first-one-real-estate-l-l-c-o-p-c-5227,"commercial_listings:1,total_properties:188",TRUE,https://www.propertyfinder.ae/en/find-broker/search,2026-04-26,email_office redacted: personal domain
CN-4412455,MULTI PLANET PROPERTY MANAGEMENT L.L.C.,,,,,,"Office 1203, Building Abdullah Bin Darwish Building, Al Salam Street, Al Salam Street, Abu Dhabi, PO Box -",+971544953744,khalid@multiplanet.ae,https://www.propertyfinder.ae/en/broker/multi-planet-property-management-l-l-c-v2-13071,"commercial_listings:3,total_properties:90",TRUE,https://www.propertyfinder.ae/en/find-broker/search,2026-04-26,
CN-4413070,ALRANAIN REAL ESTATE LLC,,,,,,"Office 13, Building No.25, Al Ain Industrial Area, Street No. 7, Al Ain, PO Box 000",+971582977494,support@alranain.ae,https://www.propertyfinder.ae/en/broker/alranain-real-estate-llc-6687,total_properties:27,FALSE,https://www.propertyfinder.ae/en/find-broker/search,2026-04-26,
CN-4467721,Sky Keys Properties LLC,,,,,,"Office 0, Building C01 Tower, Al Reem Island, Najmat Abu Dhabi, Abu Dhabi,",+971508866111,info@skp.ae,https://www.propertyfinder.ae/en/broker/sky-keys-properties-llc-5365,total_properties:56,FALSE,https://www.propertyfinder.ae/en/find-broker/search,2026-04-26,
CN-4471738,T S DIAMOND PROPERTIES - L.L.C,,,,,,"Office 02, Building 03, Corniche Area, 04, Abu Dhabi,",+971567455783,tijana@pink-panther.ae,https://www.propertyfinder.ae/en/broker/t-s-diamond-properties-l-l-c-6281,total_properties:13,FALSE,https://www.propertyfinder.ae/en/find-broker/search,2026-04-26,
CN-4475616,ADVISORS PROPERTIES - L.L.C - S.P.C,,,,,,"Office PH1, Building C2, Al Bateen Towers, Al Bateen, Al Bateen, Abu Dhabi, PO Box 000",+971525002524,info@oh-advisors.com,https://www.propertyfinder.ae/en/broker/advisors-properties-l-l-c-s-p-c-6250,"commercial_listings:1,total_properties:228",TRUE,https://www.propertyfinder.ae/en/find-broker/search,2026-04-26,
CN-4480389,Infinity Homes Properties,,,,,,"Office 102, Building Harmes interior bldng, Airport Road, Airport road, Abu Dhabi,",+971522260655,info@infinity-homes.net,https://www.propertyfinder.ae/en/broker/infinity-homes-properties-6021,total_properties:6,FALSE,https://www.propertyfinder.ae/en/find-broker/search,2026-04-26,
CN-4481571,Prudential Real Estate,,,,,,"Office 10, Building Corniche Bakeries, Tourist Club Area, tourist club, Abu Dhabi,",+971525986677,mansoor@prudentialrealestate.ae,https://www.propertyfinder.ae/en/broker/prudential-real-estate-5631,total_properties:26,FALSE,https://www.propertyfinder.ae/en/find-broker/search,2026-04-26,
CN-4489770,World Gate Properties LLC,,,,,,"Office Office 712, Building Building # 18, Electra Street, Khalifa Street, Abu Dhabi,",+971501114570,,https://www.propertyfinder.ae/en/broker/world-gate-properties-llc-6000,total_properties:36,FALSE,https://www.propertyfinder.ae/en/find-broker/search,2026-04-26,email_office redacted: personal domain
CN-4494932,Smart Crystal Facility Management,,,,,,"Office 102, Building 50, Mussafah, M 43, Abu Dhabi,",+971524524844,,https://www.propertyfinder.ae/en/broker/smart-crystal-facility-management-9551,"commercial_listings:5,total_properties:9",TRUE,https://www.propertyfinder.ae/en/find-broker/search,2026-04-26,email_office redacted: personal domain
CN-4505409,CORNICHE BUSINESS CENTER FACILITIES MANAGEMENT - SOLE PROPRIETORSHIP L.L.C.,,,,,,"Office 4, Building Corniche Building, Corniche Area, Corniche Road, Abu Dhabi, PO Box 000",+971509873728,pf-corniche@bhgroupae.com,https://www.propertyfinder.ae/en/broker/corniche-business-center-facilities-management-sole-proprietorship-l-l-c-6316,"commercial_listings:10,total_properties:10",TRUE,https://www.propertyfinder.ae/en/find-broker/search,2026-04-26,
CN-4508393,CSP REAL ESTATE PARTNERS L.L.C,,,,,,"Office 0, Building 0, Al Khalidiya, 0, Abu Dhabi,",+971551533590,,https://www.propertyfinder.ae/en/broker/csp-real-estate-partners-l-l-c-7523,total_properties:10,FALSE,https://www.propertyfinder.ae/en/find-broker/search,2026-04-26,email_office redacted: personal domain
CN-4546964,Right Way Real Estate Management,,,,,,"Office 604, Building C-309, Airport Road, Musaffah, Abu Dhabi,",+971563062232,,https://www.propertyfinder.ae/en/broker/right-way-real-estate-management-6856,total_properties:6,FALSE,https://www.propertyfinder.ae/en/find-broker/search,2026-04-26,email_office redacted: personal domain
CN-4562480,DELTA TOWERS PROPERTIES - SOLE PROPRIETORSHIP L.L.C.,,,,,,"Office M45, Building M45, Mussafah, Mussafah, Abu Dhabi,",+971502952609,,https://www.propertyfinder.ae/en/broker/delta-towers-properties-sole-proprietorship-l-l-c-6485,total_properties:27,FALSE,https://www.propertyfinder.ae/en/find-broker/search,2026-04-26,email_office redacted: personal domain
CN-4563133,Conrad Property Management LLC,,,,,,"Office Office 1401, Building -, Al Danah, Al Najda Street, Zone 1, Abu Dhabi,",+971545507676,osama@conradproperty.ae,https://www.propertyfinder.ae/en/broker/conrad-property-management-llc-5986,"commercial_listings:5,total_properties:129",TRUE,https://www.propertyfinder.ae/en/find-broker/search,2026-04-26,
CN-4566796,Nice View Real Estate,,,,,,"Office 05, Building 00, Mussafah, Al Yahar, Abu Dhabi,",+971527529004,,https://www.propertyfinder.ae/en/broker/nice-view-real-estate-5653,total_properties:104,FALSE,https://www.propertyfinder.ae/en/find-broker/search,2026-04-26,email_office redacted: personal domain
CN-4581249,GREEN LANDS PROPERTY MANAGEMENT LLC,,,,,,"Office -, Building -, Mussafah, -, Abu Dhabi, PO Box -",+971561073723,info@greenlands-realestate.com,https://www.propertyfinder.ae/en/broker/green-lands-property-management-llc-v2-13259,"commercial_listings:1,total_properties:2",TRUE,https://www.propertyfinder.ae/en/find-broker/search,2026-04-26,
CN-4585855,Blue Acres Properties,,,,,,"Office 525, Building Al ferdous tower, Al Salam Street, Salam street, Abu Dhabi,",+971585882512,,https://www.propertyfinder.ae/en/broker/blue-acres-properties-5690,total_properties:15,FALSE,https://www.propertyfinder.ae/en/find-broker/search,2026-04-26,email_office redacted: personal domain
CN-4592038,REALTY AND KEY REAL ESTATE - SOLE PROPRIETORSHIP L.L.C.,,,,,,"Office NA, Building NA, Saadiyat Island, Saadiyat, Abu Dhabi, PO Box NA",+971509706500,umer.h@realtynkey.com,https://www.propertyfinder.ae/en/broker/realty-and-key-real-estate-sole-proprietorship-l-l-c-5728,"commercial_listings:1,total_properties:7",TRUE,https://www.propertyfinder.ae/en/find-broker/search,2026-04-26,
CN-4592366,Zero Commission Real Estate,,,,,,"Office 15, Building addax tower, Al Reem Island, reem island, Abu Dhabi,",+971505869292,,https://www.propertyfinder.ae/en/broker/zero-commission-real-estate-6005,total_properties:14,FALSE,https://www.propertyfinder.ae/en/find-broker/search,2026-04-26,email_office redacted: personal domain
CN-4594743,Tate Real Estate,,,,,,"Office N/A, Building Building 62, MZ, Al Nahyan, Defence road, Abu Dhabi,",+971506804597,operations@taterealestate.ae,https://www.propertyfinder.ae/en/broker/tate-real-estate-6592,"commercial_listings:5,total_properties:5",TRUE,https://www.propertyfinder.ae/en/find-broker/search,2026-04-26,
CN-4604515,EXECUTIVE GULF Properties L.L.C - S.P.C,,,,,,"Office 212, Building We mart building, Hamdan Street, Hamdan Street, Abu Dhabi, PO Box 0000",+971529496565,info@executivegulfproperties.com,https://www.propertyfinder.ae/en/broker/executive-gulf-properties-l-l-c-s-p-c-5783,total_properties:6,FALSE,https://www.propertyfinder.ae/en/find-broker/search,2026-04-26,
CN-4644599,HISTORY PROPERTY  - SOLE PROPRIETORSHIP L.L.C.,,,,,,"Office Mezzanine, Building Al nasr tower 2, Muroor Area, MUROOR ROAD, Abu Dhabi, PO Box -",+971505708005,administrator@historyrealestate.ae,https://www.propertyfinder.ae/en/broker/history-property-sole-proprietorship-l-l-c-v2-13235,total_properties:33,FALSE,https://www.propertyfinder.ae/en/find-broker/search,2026-04-26,
CN-4646309,DINAR PROPERTY MANAGEMENT - SOLE PROPRIETORSHIP L.L.C.,,,,,,"Office 901, Building C1, Electra Street, Electra Street, Abu Dhabi,",+971565524661,,https://www.propertyfinder.ae/en/broker/dinar-property-management-sole-proprietorship-l-l-c-6358,total_properties:20,FALSE,https://www.propertyfinder.ae/en/find-broker/search,2026-04-26,email_office redacted: personal domain
CN-4658724,SOLUTIONS PROPERTY,,,,,,"Office 1002, Building Bin Hamoodah, Khalifa Street, Khalifa Bin Zayed The First Street, Abu Dhabi,",+971521031646,solutions@khelegal.com,https://www.propertyfinder.ae/en/broker/solutions-property-11028,"commercial_listings:1,total_properties:153",TRUE,https://www.propertyfinder.ae/en/find-broker/search,2026-04-26,
CN-4659921,Lavender Real Estate,,,,,,"Office 0, Building 0, Al Reem Island, 0, Abu Dhabi,",+971554334369,,https://www.propertyfinder.ae/en/broker/lavender-real-estate-6467,total_properties:12,FALSE,https://www.propertyfinder.ae/en/find-broker/search,2026-04-26,email_office redacted: personal domain
CN-4660352,HOME GALLERY PROPERTY MANAGEMENT,,,,,,"Office 0, Building 0, Hamdan Street, Hamdan Street, Abu Dhabi,",+971569989632,,https://www.propertyfinder.ae/en/broker/home-gallery-property-management-12162,total_properties:17,FALSE,https://www.propertyfinder.ae/en/find-broker/search,2026-04-26,email_office redacted: personal domain
CN-4665591,PSI- Yas Branch,,,,,,"Office RG-LS-23/24, Building Block 6, PRP77163,, Saadiyat Island, SDN1, Abu Dhabi, PO Box 109537",+97122052999,watersedge.portals@psinv.net,https://www.propertyfinder.ae/en/broker/psi-yas-branch-6699,"commercial_listings:2,total_properties:348",TRUE,https://www.propertyfinder.ae/en/find-broker/search,2026-04-26,
CN-4666030,Home Hunters Properties,,,,,,"Office 403, Building Asma Tower, Al Nahyan Camp, Al Nahyan St, Abu Dhabi, PO Box 112358",+97122456886,m.emam@hhunters.ae,https://www.propertyfinder.ae/en/broker/home-hunters-properties-3964,total_properties:36,FALSE,https://www.propertyfinder.ae/en/find-broker/search,2026-04-26,
CN-4670294,Moonstay LLC,,,,,,"Office Shop B9, Building Raha - Moonstay, Al Raha Beach, Al Faridah, Abu Dhabi,",+971559680921,nuno.barbosa@moonstayad.com,https://www.propertyfinder.ae/en/broker/moonstay-llc-6817,"commercial_listings:3,total_properties:198",TRUE,https://www.propertyfinder.ae/en/find-broker/search,2026-04-26,
CN-4671527,Huspy Abu Dhabi,,,,,,"Office 504, Building Business Avenue Tower, Al Danah, Al Salam Street, Abu Dhabi,",+971585580987,mohamed.aly@huspy.io,https://www.propertyfinder.ae/en/broker/huspy-abu-dhabi-8607,total_properties:125,FALSE,https://www.propertyfinder.ae/en/find-broker/search,2026-04-26,
CN-4673098,PRIME ARABIA PROPERTIES AND GENERAL MAINTENANCE - SOLE PROPRIETORSHIP L.L.C.,,,,,,"Office 0, Building 0, Al Mushrif, Airport Road, Abu Dhabi,",+971566130342,,https://www.propertyfinder.ae/en/broker/prime-arabia-properties-and-general-maintenance-sole-proprietorship-l-l-c-6118,total_properties:23,FALSE,https://www.propertyfinder.ae/en/find-broker/search,2026-04-26,email_office redacted: personal domain
CN-4693677,Black Flag Property Management,,,,,,"Office 12, Building sun and sands building, Al Salam Street, salam street, Abu Dhabi,",+971566815300,,https://www.propertyfinder.ae/en/broker/black-flag-property-management-6911,total_properties:1,FALSE,https://www.propertyfinder.ae/en/find-broker/search,2026-04-26,email_office redacted: personal domain
CN-4767122,VOYAGE VACATION HOME RENTAL L.L.C,,,,,,,+971569057782,reservations@voyageuae.ae,https://www.propertyfinder.ae/en/broker/voyage-vacation-home-rental-l-l-c-v2-180413,total_properties:31,FALSE,https://www.propertyfinder.ae/en/find-broker/search,2026-04-26,
CN-4767122,Voyage Properties,,,,,,"Office Unit 2FG, Building Bldg 2, Yas Island, Yas Marina, Abu Dhabi,",+971569057782,jacobus@voyageuae.ae,https://www.propertyfinder.ae/en/broker/voyage-vacation-home-5321,total_properties:5,FALSE,https://www.propertyfinder.ae/en/find-broker/search,2026-04-26,
CN-4773856,Parker Premier Real Estate LLC,,,,,,"Office 12, Building 1, Electra Street, electra, Abu Dhabi,",+971506179260,admin@parkerpremier.ae,https://www.propertyfinder.ae/en/broker/parker-premier-real-estate-llc-6849,total_properties:13,FALSE,https://www.propertyfinder.ae/en/find-broker/search,2026-04-26,
CN-4775567,CONTINENTAL MIDDLE EAST PROPERTIES - L.L.C - S.P.C.,,,,,,"Office M12, Building Bldng 12, Al Salam Street, Salam street, Abu Dhabi,",+971506390937,info@cmep.ae,https://www.propertyfinder.ae/en/broker/continental-middle-east-properties-l-l-c-s-p-c-6613,total_properties:49,FALSE,https://www.propertyfinder.ae/en/find-broker/search,2026-04-26,
CN-4786018,WHITE ROCK REAL ESTATE BROKERAGE - SOLE PROPRIETORSHIP,,,,,,"Office 1001, Building 52, Airport Road, capital propoerties buliding, Abu Dhabi, PO Box 00000",+971555588289,ali@whiterockuae.com,https://www.propertyfinder.ae/en/broker/white-rock-real-estate-brokerage-sole-proprietorship-8537,total_properties:64,FALSE,https://www.propertyfinder.ae/en/find-broker/search,2026-04-26,
CN-4792589,Royal Holiday Rentals,,,,,,"Office 503, Building Al Nayadi Building, Al Manhal, Al Karamah Street, Abu Dhabi,",+971502666592,,https://www.propertyfinder.ae/en/broker/royal-holiday-rentals-6513,total_properties:135,FALSE,https://www.propertyfinder.ae/en/find-broker/search,2026-04-26,email_office redacted: personal domain
CN-4797233,Del Pilar Real Estate,,,,,,"Office 9, Building 45, Al Raha Beach, 34, Abu Dhabi,",+971549903434,admin@thedelpilar.com,https://www.propertyfinder.ae/en/broker/del-pilar-real-estate-6536,total_properties:37,FALSE,https://www.propertyfinder.ae/en/find-broker/search,2026-04-26,
CN-4803055,AMLAK ONE REAL ESTATE L.L.C,,,,,,"Office 904, Building Al Khazna Insurance Tower, Al Najda Street, Najda Street, Abu Dhabi, PO Box 0",+97126330365,ceo@amlakone.ae,https://www.propertyfinder.ae/en/broker/amlak-one-real-estate-l-l-c-9522,"commercial_listings:1,total_properties:243",TRUE,https://www.propertyfinder.ae/en/find-broker/search,2026-04-26,
CN-4809865,MAZ REAL ESTATE SOLE PROPRIETORSHIP LLC,,,,,,"Office 102, Building Musallam Al Mazrouei Building, Airport Road, Al Falah Street, Abu Dhabi,",+971505546802,info@mazrealestates.com,https://www.propertyfinder.ae/en/broker/maz-real-estate-sole-proprietorship-llc-11416,total_properties:129,FALSE,https://www.propertyfinder.ae/en/find-broker/search,2026-04-26,
CN-4831349,Home Seekers real estate,,,,,,"Office Office 501, Building C88 Commercial Building, Electra Street, Electra Street, Abu Dhabi, PO Box NA",+971562806825,realestate@homeseekers.info,https://www.propertyfinder.ae/en/broker/home-seekers-real-estate-7683,total_properties:78,FALSE,https://www.propertyfinder.ae/en/find-broker/search,2026-04-26,
CN-4842514,Megapolis Real Estate- AUH,,,,,,"Office Office 240, Building Regus Bloom Central Level 2, Al Manhal, Sheikh Rashid Bin Saeed Street, Abu Dhabi, PO Box 28928",+971585424408,ad@megapolis.ae,https://www.propertyfinder.ae/en/broker/megapolis-real-estate-auh-6654,total_properties:45,FALSE,https://www.propertyfinder.ae/en/find-broker/search,2026-04-26,
CN-4844411,Estatehub 360,,,,,,"Office Virtual Office, Building 0-00, Yas Island, Yas Island, Abu Dhabi,",+97126334578,mia@estatehub360.com,https://www.propertyfinder.ae/en/broker/estatehub-360-7261,total_properties:21,FALSE,https://www.propertyfinder.ae/en/find-broker/search,2026-04-26,
CN-4848129,La Verde Property Management,,,,,,"Office 01, Building 23, Hamdan Street, 12, Abu Dhabi, PO Box 000",+971563403330,,https://www.propertyfinder.ae/en/broker/la-verde-property-management-6722,total_properties:17,FALSE,https://www.propertyfinder.ae/en/find-broker/search,2026-04-26,email_office redacted: personal domain
CN-4856219,IDEAL EXPERTS REAL ESTATE - SOLE PROPRIETORSHIP L.L.C.,,,,,,"Office 0, Building 0, Al Khalidiya, 0, Abu Dhabi, PO Box 0",+971505432594,info@idealemirates.com,https://www.propertyfinder.ae/en/broker/ideal-experts-real-estate-sole-proprietorship-l-l-c-7360,"commercial_listings:2,total_properties:2",TRUE,https://www.propertyfinder.ae/en/find-broker/search,2026-04-26,
CN-4861255,COASTAL PREMIER REAL ESTATE  - SOLE PROPRIETORSHIP L.L.C.,,,,,,"Office 0, Building 0, Saadiyat Island, 0, Abu Dhabi,",+971505450077,,https://www.propertyfinder.ae/en/broker/coastal-premier-real-estate-sole-proprietorship-l-l-c-7974,total_properties:1,FALSE,https://www.propertyfinder.ae/en/find-broker/search,2026-04-26,email_office redacted: personal domain
CN-4862819,YKN Home Real Estate,,,,,,"Office 310–311, Building Abdullah Bin Darwish, Al Salam Street, Salam street, Abu Dhabi,",+971543876604,,https://www.propertyfinder.ae/en/broker/ykn-home-real-estate-6712,"commercial_listings:9,total_properties:38",TRUE,https://www.propertyfinder.ae/en/find-broker/search,2026-04-26,email_office redacted: personal domain
CN-4868103,Wise Track For Properties,,,,,,"Office 12, Building zigzag, Hamdan Street, salam, Abu Dhabi,",+971525100818,,https://www.propertyfinder.ae/en/broker/wise-track-for-properties-6709,total_properties:6,FALSE,https://www.propertyfinder.ae/en/find-broker/search,2026-04-26,email_office redacted: personal domain
CN-4881503,UNITED PLAZA REAL ESTATE – L.L.C,,,,,,"Office Office Floor, Building Al Mina Tower Block B, Al Zahiyah, Al Meena St, Abu Dhabi,",+971586874454,afif.m@upre.ae,https://www.propertyfinder.ae/en/broker/united-plaza-real-estate-sole-proprietorship-l-l-c-7480,"commercial_listings:73,total_properties:73",TRUE,https://www.propertyfinder.ae/en/find-broker/search,2026-04-26,
CN-4887961,SILK VALLEY HOLIDAY HOMES,,,,,,"Office 1, Building 1, Airport Road, 1, Abu Dhabi,",+971504957968,,https://www.propertyfinder.ae/en/broker/silk-valley-holiday-homes-7405,total_properties:8,FALSE,https://www.propertyfinder.ae/en/find-broker/search,2026-04-26,email_office redacted: personal domain
CN-4894397,PROPSHAH REAL ESTATE,,,,,,"Office Office No.1, Building Dar Al Salam Buidling Second Floor,, Corniche Road, Corniche Road, Abu Dhabi, PO Box 22204",+971505961696,propshah@propshah.com,https://www.propertyfinder.ae/en/broker/propshah-real-estate-10506,total_properties:12,FALSE,https://www.propertyfinder.ae/en/find-broker/search,2026-04-26,
CN-4899365,Discovery Land Real Estate,,,,,,"Office 2307, Building Addax Tower, Al Reem Island, reem island, Abu Dhabi, PO Box 000000",+971562533452,,https://www.propertyfinder.ae/en/broker/discovery-land-real-estate-6894,"land,total_properties:25",TRUE,https://www.propertyfinder.ae/en/find-broker/search,2026-04-26,email_office redacted: personal domain
CN-4915091,BLACK HILLS HOMES PROPERTIES - SOLE PROPRIETORSHIP L.L.C.,,,,,,"Office 1201, Building Global Tower, Al Danah, Electra Street, Abu Dhabi, PO Box 1",+971545544465,mohdabueed@bhhproperties.com,https://www.propertyfinder.ae/en/broker/black-hills-homes-properties-sole-proprietorship-l-l-c-9271,total_properties:6,FALSE,https://www.propertyfinder.ae/en/find-broker/search,2026-04-26,
CN-4916190,Universal Real Estate.,,,,,,"Office 4, Building 19, Muroor Area, Muroor and Falah st., Abu Dhabi,",+971568001036,,https://www.propertyfinder.ae/en/broker/universal-real-estate-8324,"commercial_listings:10,total_properties:42",TRUE,https://www.propertyfinder.ae/en/find-broker/search,2026-04-26,email_office redacted: personal domain
CN-4923681,MAZO INTERNATIONAL REALESTATE L.L.C.,,,,,,"Office 0, Building 0, Abu Dhabi Gate City, 0, Abu Dhabi, PO Box 0",+971504461513,,https://www.propertyfinder.ae/en/broker/mazo-international-realestate-l-l-c-11199,total_properties:1,FALSE,https://www.propertyfinder.ae/en/find-broker/search,2026-04-26,email_office redacted: personal domain
CN-4924150,M11 REAL ESTATE BROKERAGE & CONSULTANCY - SOLE PROPRIETORSHIP L.L.C.,,,,,,"Office S, Building S, Mohamed Bin Zayed City, S, Abu Dhabi, PO Box S",+971503717611,info@m11.ae,https://www.propertyfinder.ae/en/broker/m11-real-estate-brokerage-consultancy-sole-proprietorship-l-l-c-9057,total_properties:7,FALSE,https://www.propertyfinder.ae/en/find-broker/search,2026-04-26,
CN-4958783,BLUE BIRD REAL ESTATE MANAGEMENT - SOLE PROPRIETORSHIP L.L.C.,,,,,,"Office 0, Building 0, Khalifa City, 0, Abu Dhabi, PO Box 0",+971509107455,,https://www.propertyfinder.ae/en/broker/blue-bird-real-estate-management-sole-proprietorship-l-l-c-7210,total_properties:38,FALSE,https://www.propertyfinder.ae/en/find-broker/search,2026-04-26,email_office redacted: personal domain
CN-4970070,THE ADDRESS PROPERTIES - L.L.C,,,,,,"Office 701-B, Building Blue Tower, Khalifa Street, Khalifa Street, Abu Dhabi, PO Box -",+971542320103,rawand@theaddress-properties.com,https://www.propertyfinder.ae/en/broker/the-address-properties-sole-proprietorship-sole-proprietorship-l-l-c-v2-12836,"commercial_listings:1,total_properties:13",TRUE,https://www.propertyfinder.ae/en/find-broker/search,2026-04-26,
CN-4978142,PRO PROPERTY INVESTMENT - SOLE PROPRIETORSHIP L.L.C.,,,,,,"Office 1775, Building Al Ghaith Tower, Al Reem Island, Hamdan Street, Abu Dhabi, PO Box 0",+971544175657,,https://www.propertyfinder.ae/en/broker/pro-property-investment-sole-proprietorship-l-l-c-8028,"investment,total_properties:80",TRUE,https://www.propertyfinder.ae/en/find-broker/search,2026-04-26,email_office redacted: personal domain
CN-4981175,GOLDEN SEA PROPERTIES MANAGEMENT L.L.C.,,,,,,"Office 940, Building Dar Al Salam Building, Corniche Area, Corniche Road, Abu Dhabi, PO Box 000",+971555450617,,https://www.propertyfinder.ae/en/broker/golden-sea-properties-management-l-l-c-7240,total_properties:27,FALSE,https://www.propertyfinder.ae/en/find-broker/search,2026-04-26,email_office redacted: personal domain
CN-4983631,VERY INTELLIGENT PROFESSIONALS PROPERTIES - SOLE PROPRIETORSHIP L.L.C.,,,,,,"Office M, Building Sun&Sands Building, Hamdan Street, Hamdan Street, Abu Dhabi, PO Box 000",+971544461201,info@vipprops.ae,https://www.propertyfinder.ae/en/broker/very-intelligent-professionals-properties-sole-proprietorship-l-l-c-7280,total_properties:5,FALSE,https://www.propertyfinder.ae/en/find-broker/search,2026-04-26,
CN-4987672,ITW PROPERTIES - SOLE PROPRIETORSHIP L.L.C.,,,,,,"Office 28, Building Mohammed Bin Mejren Al, Hamdan Street, Al Marar St, Abu Dhabi, PO Box 000",+971522278762,info@itwprop.com,https://www.propertyfinder.ae/en/broker/itw-properties-sole-proprietorship-l-l-c-7239,total_properties:32,FALSE,https://www.propertyfinder.ae/en/find-broker/search,2026-04-26,
CN-4991900,SAMA EMIRATES BROKER REAL ESTATE - SOLE PROPRIETORSHIP L.L.C.,,,,,,"Office 102, Building 01, Al Reem Island, Tomuh Tower, Abu Dhabi, PO Box 0000",+971506414151,suhailalawadhi@samaholding.ae,https://www.propertyfinder.ae/en/broker/sama-emirates-broker-real-estate-sole-proprietorship-l-l-c-10629,total_properties:12,FALSE,https://www.propertyfinder.ae/en/find-broker/search,2026-04-26,
CN-4992375,EMI WORLDWIDE REAL ESTATE - AUH,,,,,,"Office 1503, Building Global Tower, Al Danah, Electra Street, Abu Dhabi, PO Box -",+971504425665,,https://www.propertyfinder.ae/en/broker/emi-worldwide-real-estate-auh-12175,total_properties:7,FALSE,https://www.propertyfinder.ae/en/find-broker/search,2026-04-26,email_office redacted: personal domain
CN-5004581,LOUVRE INVESTMENT REAL ESTATE - L.L.C - O.P.C,,,,,,"Office 1, Building Al Remah tower, Al Khalidiya, Al khaldiya, Abu Dhabi, PO Box 0",+971507876002,info@louverir.com,https://www.propertyfinder.ae/en/broker/louvre-investment-real-estate-l-l-c-o-p-c-10385,"investment,total_properties:36",TRUE,https://www.propertyfinder.ae/en/find-broker/search,2026-04-26,
CN-5006253,I Buy Real Estate,,,,,,"Office G09, Building Bloom Soho Square, Saadiyat Island, Al Saadiyat Island - SDW4, Abu Dhabi, PO Box 94777",+971564032155,alan@ibuyrealestate.ae,https://www.propertyfinder.ae/en/broker/i-buy-real-estate-7350,"commercial_listings:1,total_properties:139",TRUE,https://www.propertyfinder.ae/en/find-broker/search,2026-04-26,
CN-5017713,SEA TO SKY PROPERTY MANAGEMENT - SOLE PROPRIETORSHIP L.L.C.,,,,,,"Office 0, Building 0, Al Wahda, 0, Abu Dhabi, PO Box 0",+971567461018,info@seatoskyproperty.ae,https://www.propertyfinder.ae/en/broker/sea-to-sky-property-management-sole-proprietorship-l-l-c-7368,total_properties:49,FALSE,https://www.propertyfinder.ae/en/find-broker/search,2026-04-26,
CN-5021910,Parus REal Estate LLC - Branch of Abu Dhabi 1,,,,,,"Office ., Building ., Corniche Road, ., Abu Dhabi, PO Box .",+971525226120,,https://www.propertyfinder.ae/en/broker/parus-real-estate-llc-branch-of-abu-dhabi-1-v2-12971,total_properties:3,FALSE,https://www.propertyfinder.ae/en/find-broker/search,2026-04-26,email_office redacted: personal domain
CN-5022969,Fortune Finder Real Estate LLC,,,,,,"Office 1843, Building ferdous tower, Al Danah, al Salam Street, Abu Dhabi,",+971556368182,,https://www.propertyfinder.ae/en/broker/fortune-finder-real-estate-llc-8216,total_properties:9,FALSE,https://www.propertyfinder.ae/en/find-broker/search,2026-04-26,email_office redacted: personal domain
CN-5026332,VICTOR SADYGOV REAL ESTATE BROKERAGE,,,,,,"Office 101, Building 111, Saadiyat Island, saint regis, Abu Dhabi, PO Box 00000",+971508698020,y.galoyan@nikaestate.com,https://www.propertyfinder.ae/en/broker/victor-sadygov-real-estate-brokerage-8770,total_properties:20,FALSE,https://www.propertyfinder.ae/en/find-broker/search,2026-04-26,
CN-5041890,Ideal Greenland Real Estate,,,,,,"Office 57, Building Capital Mall, Mussafah, Mussafah, Abu Dhabi,",+971502416589,,https://www.propertyfinder.ae/en/broker/ideal-greenland-real-estate-7604,"commercial_listings:2,total_properties:21",TRUE,https://www.propertyfinder.ae/en/find-broker/search,2026-04-26,email_office redacted: personal domain
CN-5047035,La Jolie Real Estate AUH,,,,,,"Office M floor - office N M, Building Seven Emirates Supermarket Building, Al Danah, Sheikh Zayed Bin Sultan Street, Abu Dhabi, PO Box 18273",+971504434921,moustafa@lajolierealestate.com,https://www.propertyfinder.ae/en/broker/la-jolie-real-estate-auh-8247,"commercial_listings:5,total_properties:10",TRUE,https://www.propertyfinder.ae/en/find-broker/search,2026-04-26,
CN-5061140,Apex Homes Real Estate - LLC - O.P.C,,,,,,"Office 0, Building 0, Al Reem Island, 0, Abu Dhabi, PO Box 0",+971502374245,info@apexhomesuae.com,https://www.propertyfinder.ae/en/broker/apex-homes-real-estate-llc-o-p-c-8078,total_properties:9,FALSE,https://www.propertyfinder.ae/en/find-broker/search,2026-04-26,
CN-5063334,Olena Real Estate AUH,,,,,,"Office 1901, Building 01, Al Raha Beach, AL RAHA, Abu Dhabi, PO Box 000000",+971506947701,,https://www.propertyfinder.ae/en/broker/olena-real-estate-auh-8983,total_properties:16,FALSE,https://www.propertyfinder.ae/en/find-broker/search,2026-04-26,email_office redacted: personal domain
CN-5063597,SHAKRIAL REAL ESTATE L.L.C,,,,,,"Office 5th Floor, Building Al Khazna Tower, Al Najda Street, Najda Street, Abu Dhabi, PO Box 0",+971507762159,info@shakrialrealestate.com,https://www.propertyfinder.ae/en/broker/shakrial-real-estate-l-l-c-8092,total_properties:5,FALSE,https://www.propertyfinder.ae/en/find-broker/search,2026-04-26,
CN-5090119,NIRVANA RESIDENCE REAL ESTATE LEASE AND MANAGEMENT SERVICES ESTABLISHMENT,,,,,,"Office 5, Building Afraa mohamed masoud, Al Danah, 5 east, Abu Dhabi,",+971581330565,info@nirvanaresidence.ae,https://www.propertyfinder.ae/en/broker/nirvana-residence-real-estate-lease-and-management-services-establishment-11066,total_properties:10,FALSE,https://www.propertyfinder.ae/en/find-broker/search,2026-04-26,
CN-5115480,LOFTS PROPERTY MANAGEMENT - L.L.C,,,,,,"Office 0, Building 0, Tourist Club Area, 0, Abu Dhabi, PO Box 0",+971581435786,,https://www.propertyfinder.ae/en/broker/lofts-property-management-l-l-c-8522,total_properties:86,FALSE,https://www.propertyfinder.ae/en/find-broker/search,2026-04-26,email_office redacted: personal domain
CN-5116858,Banke International Properties - Abu Dhabi,,,,,,"Office 2003 B, Building Business Avenue Tower, Al Danah, Office No, Abu Dhabi, PO Box .",+97128868477,pfauh@banke.ae,https://www.propertyfinder.ae/en/broker/banke-international-properties-abu-dhabi-9650,"commercial_listings:21,total_properties:79",TRUE,https://www.propertyfinder.ae/en/find-broker/search,2026-04-26,
CN-5119576,KATAL PROPERTY INVESTEMENT - L.L.C,,,,,,"Office 1001, Building Kamala Tower, Al Khalidiya, Khalidiya Street, Abu Dhabi,",+971557300002,,https://www.propertyfinder.ae/en/broker/katal-property-investement-l-l-c-9628,"commercial_listings:3,total_properties:136",TRUE,https://www.propertyfinder.ae/en/find-broker/search,2026-04-26,email_office redacted: personal domain
CN-5128721,Aldar Development LLC,,,,,,"Office Aldar Head Office, Building Aldar Head Office, Al Raha Beach, Al Shahama Road, Abu Dhabi,",+971503532508,jdsouza@aldar.com,https://www.propertyfinder.ae/en/broker/aldar-development-llc-2170,total_properties:3,FALSE,https://www.propertyfinder.ae/en/find-broker/search,2026-04-26,
CN-5131316,PINNACLE  PROPERTIES MANAGEMENT,,,,,,"Office -, Building -, Abu Dhabi Gate City, -, Abu Dhabi, PO Box -",+971544143864,laeeq@ppm-me.com,https://www.propertyfinder.ae/en/broker/pinnacle-properties-management-12832,total_properties:3,FALSE,https://www.propertyfinder.ae/en/find-broker/search,2026-04-26,
CN-5137661,JAD REAL ESTATE BROKERAGE - L.L.C - O.P.C,,,,,,"Office M03, Building V- Kool, Al Nahyan, Dalmah Street, Abu Dhabi, PO Box -",+971506803083,,https://www.propertyfinder.ae/en/broker/jad-real-estate-brokerage-l-l-c-o-p-c-v2-13450,"commercial_listings:3,total_properties:6",TRUE,https://www.propertyfinder.ae/en/find-broker/search,2026-04-26,email_office redacted: personal domain
CN-5161103,The Bull Real Estate Lease and Management services llc,,,,,,"Office 0, Building 0, Abu Dhabi Gate City, 0, Abu Dhabi, PO Box 0",+971563350444,info@thebullre.com,https://www.propertyfinder.ae/en/broker/the-bull-real-estate-lease-and-management-services-llc-12625,total_properties:1,FALSE,https://www.propertyfinder.ae/en/find-broker/search,2026-04-26,
CN-5164824,NOVA VISION REAL ESTATE - L.L.C,,,,,,"Office 406, Building 4, Electra Street, Sama Tower, Abu Dhabi,",+971558505087,info@nvrealestate.ae,https://www.propertyfinder.ae/en/broker/nova-vision-real-estate-l-l-c-o-p-c-9785,total_properties:10,FALSE,https://www.propertyfinder.ae/en/find-broker/search,2026-04-26,
CN-5172768,Royal Villege Property Management - L.L.C,,,,,,"Office 927, Building Dar Al Salam, Corniche Road, AL Danah, Abu Dhabi,",+971524165558,m.adel@royalvproperty.com,https://www.propertyfinder.ae/en/broker/royal-villege-property-management-l-l-c-8354,total_properties:4,FALSE,https://www.propertyfinder.ae/en/find-broker/search,2026-04-26,
CN-5200674,FINE HOMES REAL ESTATE COMMERCIAL BROKERS SOLE PROPRIETORSHIP  - L.L.C - O.P.C,,,,,,"Office -, Building -, Rawdhat Abu Dhabi, -, Abu Dhabi, PO Box -",+971503119799,info@finehomes-brokers.com,https://www.propertyfinder.ae/en/broker/fine-homes-real-estate-commercial-brokers-sole-proprietorship-l-l-c-o-p-c-v2-179939,"commercial,total_properties:1",TRUE,https://www.propertyfinder.ae/en/find-broker/search,2026-04-26,
CN-5216393,TAKI Real Estate L.L.C,,,,,,"Office 6 floor 603 Office N, Building Al yasat tower, Al Najda Street, Najda street, Abu Dhabi,",+971521364727,,https://www.propertyfinder.ae/en/broker/taki-real-estate-l-l-c-8608,"commercial_listings:27,total_properties:44",TRUE,https://www.propertyfinder.ae/en/find-broker/search,2026-04-26,email_office redacted: personal domain
CN-5218995,DREAM WISE PROPERTIES LLC OPC,,,,,,"Office 904, Building Al Masaood Tower, Al Danah, Soughiyah Stree, Abu Dhabi, PO Box -",+971506669841,info@dwp.ae,https://www.propertyfinder.ae/en/broker/dream-wise-properties-llc-opc-8700,total_properties:117,FALSE,https://www.propertyfinder.ae/en/find-broker/search,2026-04-26,
CN-5228116,Driven Properties - Abu Dhabi Branch,,,,,,"Office 101, Building Al Falah Building, Yas Island, Abu Dhabi,",+97125634021,drivenauh@drivenproperties.com,https://www.propertyfinder.ae/en/broker/driven-properties-abu-dhabi-branch-10444,total_properties:130,FALSE,https://www.propertyfinder.ae/en/find-broker/search,2026-04-26,
CN-5229518,MARK HOME REAL ESTATE MANAGEMENT - L.L.C,,,,,,"Office 0, Building Max Home BC, Muroor Area, Muroor, Abu Dhabi, PO Box 0",+971508680687,,https://www.propertyfinder.ae/en/broker/mark-home-real-estate-management-l-l-c-8612,total_properties:150,FALSE,https://www.propertyfinder.ae/en/find-broker/search,2026-04-26,email_office redacted: personal domain
CN-5232967,THE PROP CO REAL ESTATE SPACE - L.L.C,,,,,,"Office 101, Building 01, Baniyas, 1, Abu Dhabi,",+971563969966,contact@spacerealestate.me,https://www.propertyfinder.ae/en/broker/the-prop-co-real-estate-space-l-l-c-v2-13272,"commercial_listings:1,total_properties:6",TRUE,https://www.propertyfinder.ae/en/find-broker/search,2026-04-26,
CN-5251013,HEADQUARTERS REAL ESTATE - L.L.C,,,,,,"Office m01, Building 0, Mussafah, 11, Abu Dhabi, PO Box 11",+971564400878,asfah@hqre.ae,https://www.propertyfinder.ae/en/broker/headquarters-real-estate-l-l-c-9252,total_properties:3,FALSE,https://www.propertyfinder.ae/en/find-broker/search,2026-04-26,
CN-5261250,REAL AND FAIR PROPERTY MANAGEMENT  - L.L.C - O.P.C,,,,,,"Office 0, Building 0, Muroor Area, 0, Abu Dhabi, PO Box 0",+971522492774,,https://www.propertyfinder.ae/en/broker/real-and-fair-property-management-l-l-c-o-p-c-12708,total_properties:7,FALSE,https://www.propertyfinder.ae/en/find-broker/search,2026-04-26,email_office redacted: personal domain
CN-5271175,Bloom Collection Realty - S.P.C - L.L.C,,,,,,"Office -, Building -, Airport Road, -, Abu Dhabi, PO Box 28928",+971507516163,hfabella@bloomholding.com,https://www.propertyfinder.ae/en/broker/bloom-collection-realty-s-p-c-l-l-c-v2-13364,total_properties:7,FALSE,https://www.propertyfinder.ae/en/find-broker/search,2026-04-26,
CN-5271467,BHAVANA REAL ESTATE BROKERAGE LLC OPC,,,,,,"Office 28, Building 30, Al Bateen, Al Bateen, Abu Dhabi,",+971555700384,,https://www.propertyfinder.ae/en/broker/bhavana-real-estate-brokerage-llc-opc-8858,total_properties:10,FALSE,https://www.propertyfinder.ae/en/find-broker/search,2026-04-26,email_office redacted: personal domain
CN-5292646,Vierra Property- Abu Dhabi Branch,,,,,,"Office ., Building Le Solarium, Al Khalidiya, ., Abu Dhabi,",+971502786876,admin@vpd.ae,https://www.propertyfinder.ae/en/broker/vierra-property-abu-dhabi-branch-8952,total_properties:55,FALSE,https://www.propertyfinder.ae/en/find-broker/search,2026-04-26,
CN-5300942,A1 Real Estate,,,,,,"Office 011, Building 01, Al Hili, 01, Al Ain, PO Box 0",+971508362226,,https://www.propertyfinder.ae/en/broker/a1-real-estate-9190,total_properties:7,FALSE,https://www.propertyfinder.ae/en/find-broker/search,2026-04-26,email_office redacted: personal domain
CN-5302241,Fair Trade Real Estate Broker,,,,,,"Office Cloud Hub, Building Yas Mall, Yas Island, Yas Mall, Abu Dhabi, PO Box 0000",+971563149022,,https://www.propertyfinder.ae/en/broker/fair-trade-real-estate-broker-9069,total_properties:29,FALSE,https://www.propertyfinder.ae/en/find-broker/search,2026-04-26,email_office redacted: personal domain
CN-5312909,Elite Care Properties Management,,,,,,"Office 010, Building 001, Hamdan Street, 101, Abu Dhabi, PO Box 0000",+971505688985,info@elitecarepm.com,https://www.propertyfinder.ae/en/broker/elite-care-properties-management-9026,total_properties:22,FALSE,https://www.propertyfinder.ae/en/find-broker/search,2026-04-26,
CN-5317192,ATRIUM PROPERTIES - L.L.C - O.P.C,,,,,,"Office m01, Building 01, Hamdan Street, wtc, Abu Dhabi, PO Box 63847",+971589454576,,https://www.propertyfinder.ae/en/broker/atrium-properties-l-l-c-o-p-c-8945,total_properties:26,FALSE,https://www.propertyfinder.ae/en/find-broker/search,2026-04-26,email_office redacted: personal domain
CN-5348322,ROYAL PALACE INVESTMENT,,,,,,"Office office 403, Building 403, Muroor Area, Al Ramallah street, AL Nahyan, Abu Dhabi, PO Box 0000",+971506603118,,https://www.propertyfinder.ae/en/broker/royal-palace-investment-10194,"investment,total_properties:12",TRUE,https://www.propertyfinder.ae/en/find-broker/search,2026-04-26,email_office redacted: personal domain
CN-5377040,HSR Global Real estate L.L.C O.P.C,,,,,,"Office 222, Building 01, Al Najda Street, AA, Abu Dhabi,",+971505263256,hani@hrsglobal.onmicrosoft.com,https://www.propertyfinder.ae/en/broker/hsr-global-real-estate-l-l-c-o-p-c-9702,total_properties:4,FALSE,https://www.propertyfinder.ae/en/find-broker/search,2026-04-26,
CN-5399713,M M K REAL ESTATE  - L.L.C,,,,,,"Office -, Building -, Abu Dhabi Gate City, -, Abu Dhabi, PO Box -",+971585985086,,https://www.propertyfinder.ae/en/broker/m-m-k-real-estate-l-l-c-10197,total_properties:1,FALSE,https://www.propertyfinder.ae/en/find-broker/search,2026-04-26,email_office redacted: personal domain
CN-5411498,ADVISORS TWO PROPERTIES - L.L.C,,,,,,"Office 7th Floor, Building Nawat Tower, Al Khalidiya, Khalidiya Street, Abu Dhabi, PO Box 000",+971586953390,info@advisors2.com,https://www.propertyfinder.ae/en/broker/advisors-two-properties-l-l-c-v2-12986,total_properties:59,FALSE,https://www.propertyfinder.ae/en/find-broker/search,2026-04-26,
CN-5439870,FAMILIA PROPERTIES - L.L.C,,,,,,"Office 910, Building C2 Bateen towers, Al Bateen, al bateen, Abu Dhabi,",+971547894002,anas@familiaproperties.com,https://www.propertyfinder.ae/en/broker/familia-properties-l-l-c-11042,total_properties:4,FALSE,https://www.propertyfinder.ae/en/find-broker/search,2026-04-26,
CN-5445748,SILVER CREST REAL ESTATE L.L.C-S.P.C,,,,,,"Office 704 7th floor, Building Dar Al Salam, Al Danah, Corniche Street Al Danah, Abu Dhabi, PO Box 61595",+971542204898,sales@silvercrestrealestate.com,https://www.propertyfinder.ae/en/broker/silvercrest-real-estate-lease-and-management-services-l-l-c-8343,total_properties:26,FALSE,https://www.propertyfinder.ae/en/find-broker/search,2026-04-26,
CN-5453525,Champs Real Estate,,,,,,"Office Cloud Hub, Building Yas Mall, Yas Island, 0000, Abu Dhabi, PO Box 0000",+971507470262,marwan@champsre.ae,https://www.propertyfinder.ae/en/broker/champs-real-estate-9731,total_properties:77,FALSE,https://www.propertyfinder.ae/en/find-broker/search,2026-04-26,
CN-5454416,MODVISTA REAL ESTATE,,,,,,"Office 503, Building NWAT, Al Hosn, Al Mawasim, Abu Dhabi,",+971558069413,,https://www.propertyfinder.ae/en/broker/modvista-real-estate-11275,total_properties:13,FALSE,https://www.propertyfinder.ae/en/find-broker/search,2026-04-26,email_office redacted: personal domain
CN-5464638,B AND B PROPERTIES - L.L.C,,,,,,"Office 101, Building 11, Mussafah, muussafah, Abu Dhabi, PO Box 0000",+971557801990,,https://www.propertyfinder.ae/en/broker/b-and-b-properties-l-l-c-9656,total_properties:11,FALSE,https://www.propertyfinder.ae/en/find-broker/search,2026-04-26,email_office redacted: personal domain
CN-5468665,Dream Loom properties,,,,,,"Office 8, Building 1, Al Najda Street, Najda, Abu Dhabi,",+971589094553,,https://www.propertyfinder.ae/en/broker/dream-loom-properties-10463,total_properties:19,FALSE,https://www.propertyfinder.ae/en/find-broker/search,2026-04-26,email_office redacted: personal domain
CN-5484794,CONSULT N DEAL FOR REAL ESTATE LEASE AND MANAGEMENT SERVICES - L.L.C,,,,,,"Office -, Building -, Rawdhat Abu Dhabi, -, Abu Dhabi, PO Box -",+971552088738,,https://www.propertyfinder.ae/en/broker/consult-n-deal-for-real-estate-lease-and-management-services-l-l-c-11231,total_properties:5,FALSE,https://www.propertyfinder.ae/en/find-broker/search,2026-04-26,email_office redacted: personal domain
CN-5487525,ELIVA REAL ESTATE - L.L.C,,,,,,"Office Unit 704, Building Global Tower, Al Danah, Electra Street, Abu Dhabi,",+971562077470,accounts@eliva.ae,https://www.propertyfinder.ae/en/broker/eliva-real-estate-l-l-c-10687,total_properties:163,FALSE,https://www.propertyfinder.ae/en/find-broker/search,2026-04-26,
CN-5491889,UNION HOUSE PROPERTIES - L.L.C - S.P.C,,,,,,"Office -, Building -, Al Maryah Island, -, Abu Dhabi, PO Box -",+971551521995,,https://www.propertyfinder.ae/en/broker/union-house-properties-l-l-c-s-p-c-10206,total_properties:13,FALSE,https://www.propertyfinder.ae/en/find-broker/search,2026-04-26,email_office redacted: personal domain
CN-5500456,XPAT HOME PROPERTIES,,,,,,"Office 870, Building 8th Floor, Hamdan Street, Al Ghaith Tower, Abu Dhabi,",+971582396823,,https://www.propertyfinder.ae/en/broker/xpat-home-properties-9868,total_properties:11,FALSE,https://www.propertyfinder.ae/en/find-broker/search,2026-04-26,email_office redacted: personal domain
CN-5507868,ALBAYT ALKADIM REAL ESTATE - L.L.C,,,,,,"Office -, Building -, Abu Dhabi Gate City, -, Abu Dhabi, PO Box -",+971588428271,,https://www.propertyfinder.ae/en/broker/albayt-alkadim-real-estate-l-l-c-10121,total_properties:4,FALSE,https://www.propertyfinder.ae/en/find-broker/search,2026-04-26,email_office redacted: personal domain
CN-5510856,CHOSEN HOUSE PROPERTIES INVESTMENT - LLC - SPC,,,,,,"Office -, Building -, Abu Dhabi Gate City, -, Abu Dhabi, PO Box -",+971564661923,,https://www.propertyfinder.ae/en/broker/chosen-house-properties-investment-llc-spc-11143,"investment,total_properties:6",TRUE,https://www.propertyfinder.ae/en/find-broker/search,2026-04-26,email_office redacted: personal domain
CN-5514216,SIXS REAL ESTATE - L.L.C - S.P.C,,,,,,"Office -, Building -, Abu Dhabi Gate City, -, Abu Dhabi, PO Box -",+971545840037,accounts@sixsrealestate.com,https://www.propertyfinder.ae/en/broker/sixs-real-estate-l-l-c-s-p-c-10746,total_properties:17,FALSE,https://www.propertyfinder.ae/en/find-broker/search,2026-04-26,
CN-5523608,Serenity Sands Real Estate LLC,,,,,,"Office Office B32, Building Total Business Centre Block A, Khalidiya Towers, Al Khalidiya, al khalidiya, Abu Dhabi, PO Box -",+971586821158,info@serenitysandsauh.com,https://www.propertyfinder.ae/en/broker/serenity-sands-real-estate-llc-11384,total_properties:12,FALSE,https://www.propertyfinder.ae/en/find-broker/search,2026-04-26,
CN-5546172,REACH HOME PROPERTIES,,,,,,"Office Level 1- office 110, Building Building of National bank of Kuwait, Airport Road, Airport Road, Abu Dhabi, PO Box 0000",+971545151527,,https://www.propertyfinder.ae/en/broker/reach-home-properties-10005,total_properties:21,FALSE,https://www.propertyfinder.ae/en/find-broker/search,2026-04-26,email_office redacted: personal domain
CN-5570309,REN REAL ESTATE BROKERAGE - L.L.C - S.P.C,,,,,,"Office 5210, Building Addax tower, Al Reem Island, Al Reem Island - City of Lights, Abu Dhabi,",+971547133361,r.issa@falcor-eng.com,https://www.propertyfinder.ae/en/broker/ren-real-estate-brokerage-l-l-c-s-p-c-10555,total_properties:16,FALSE,https://www.propertyfinder.ae/en/find-broker/search,2026-04-26,
CN-5571306,Nasm Property Investment,,,,,,"Office 0, Building 0, Abu Dhabi Gate City, 0, Abu Dhabi, PO Box 0",+971566737474,admin@nasm.ae,https://www.propertyfinder.ae/en/broker/nasm-property-investment-12652,"investment,commercial_listings:2,total_properties:13",TRUE,https://www.propertyfinder.ae/en/find-broker/search,2026-04-26,
CN-5575038,RESPECT REAL ESTATE - L.L.C,,,,,,"Office E19, Building 66, Al Nahyan, Aradah st, Abu Dhabi,",+971507723186,kayali@respectuae.ae,https://www.propertyfinder.ae/en/broker/respect-real-estate-l-l-c-11219,total_properties:50,FALSE,https://www.propertyfinder.ae/en/find-broker/search,2026-04-26,
CN-5592028,Al Nawasi Real Estate LLC,,,,,,"Office -, Building -, Al Ain Industrial Area, -, Al Ain, PO Box -",+971568832444,,https://www.propertyfinder.ae/en/broker/al-nawasi-real-estate-llc-v2-12880,"commercial_listings:5,total_properties:9",TRUE,https://www.propertyfinder.ae/en/find-broker/search,2026-04-26,email_office redacted: personal domain
CN-5612008,WHITEWILL REAL ESTATE LTD - ABU DHABI,,,,,,"Office 1008, Building Sky Tower, Al Reem Island, Al Reem Island PO Box 753229, Abu Dhabi, PO Box 000",+971524099188,ceo@whitewill.ae,https://www.propertyfinder.ae/en/broker/whitewill-real-estate-ltd-abu-dhabi-12416,"commercial_listings:5,total_properties:116",TRUE,https://www.propertyfinder.ae/en/find-broker/search,2026-04-26,
CN-5623116,GALAXY ELITE REAL ESTATE - L.L.C - S.P.C,,,,,,"Office -, Building -, Saadiyat Island, -, Abu Dhabi, PO Box -",+971509107119,info@galaxyelite.ae,https://www.propertyfinder.ae/en/broker/galaxy-elite-real-estate-l-l-c-s-p-c-10922,total_properties:1,FALSE,https://www.propertyfinder.ae/en/find-broker/search,2026-04-26,
CN-5623146,KEYS TO INVEST REAL ESTATE - L.L.C - S.P.C,,,,,,"Office 0, Building 0, Abu Dhabi Gate City, 0, Abu Dhabi,",+971508333453,info@keys2invest.com,https://www.propertyfinder.ae/en/broker/keys-to-invest-real-estate-l-l-c-s-p-c-12630,total_properties:15,FALSE,https://www.propertyfinder.ae/en/find-broker/search,2026-04-26,
CN-5661942,BEYOND REAL ESTATE,,,,,,"Office 27, Building Abu Dhabi Mall, Al Zahiyah, 1, Abu Dhabi, PO Box 00000",+971547001517,info@beyond-uae.com,https://www.propertyfinder.ae/en/broker/beyond-real-estate-7027,total_properties:1,FALSE,https://www.propertyfinder.ae/en/find-broker/search,2026-04-26,
CN-5671994,HAUSLAND REAL ESTATE - L.L.C,,,,,,"Office 43 Floor 19, Building Al Ghaith Tower, Al Danah, Hamdan Bin Mohammed St, Abu Dhabi, PO Box 0",+971554438749,info@hauslanduae.com,https://www.propertyfinder.ae/en/broker/hausland-real-estate-l-l-c-10495,total_properties:10,FALSE,https://www.propertyfinder.ae/en/find-broker/search,2026-04-26,
CN-5673544,Lord Real Estate,,,,,,"Office 1506, Building NBK building, Airport Road, Airport road, Abu Dhabi,",+971563200040,info@lord-realestate.com,https://www.propertyfinder.ae/en/broker/lord-real-estate-10725,total_properties:2,FALSE,https://www.propertyfinder.ae/en/find-broker/search,2026-04-26,
CN-5713917,Masterpiece Property LLC,,,,,,"Office 16, Building Mariam rashed khalaf, Al Zahiyah, EAST, Abu Dhabi,",+971567009697,,https://www.propertyfinder.ae/en/broker/masterpiece-property-llc-11184,total_properties:116,FALSE,https://www.propertyfinder.ae/en/find-broker/search,2026-04-26,email_office redacted: personal domain
CN-5716015,SQF Realty Real Estate Management,,,,,,"Office 1, Building 1, Abu Dhabi Gate City, Abu Dhabi, Abu Dhabi,",+971505118278,sqf@sqf.ae,https://www.propertyfinder.ae/en/broker/sqf-realty-real-estate-management-10982,total_properties:20,FALSE,https://www.propertyfinder.ae/en/find-broker/search,2026-04-26,
CN-5734217,Lux Investments,,,,,,"Office 2, Building 19, Al Nahyan, 0, Abu Dhabi,",+971501821570,admin@mbanihillz.com,https://www.propertyfinder.ae/en/broker/mbani-hellz-real-estate-purchase-and-sale-brokerage-l-l-c-12094,"commercial_listings:1,total_properties:54",TRUE,https://www.propertyfinder.ae/en/find-broker/search,2026-04-26,
CN-5735889,Asia hub property investment,,,,,,"Office 2, Building AL YASI GROUP BUSINESS CENTER, Al Danah, EAST, Abu Dhabi, PO Box 0",+971502378908,,https://www.propertyfinder.ae/en/broker/asia-hub-property-investment-10837,"investment,total_properties:5",TRUE,https://www.propertyfinder.ae/en/find-broker/search,2026-04-26,email_office redacted: personal domain
CN-5743161,Celestix properties LLC SPC,,,,,,"Office M -Office No: 103-07, Building Al Zahiyah - Opposite Abu Dhabi Mall, Tourist Club Area, Khalifa Complex B, Abu Dhabi, PO Box -",+971585781712,contact@celestixproperties.com,https://www.propertyfinder.ae/en/broker/celestix-properties-llc-spc-12210,total_properties:24,FALSE,https://www.propertyfinder.ae/en/find-broker/search,2026-04-26,
CN-5761625,Millennium Residences Saadiyat Island,,,,,,"Office 0, Building Millennium Residences Saadiyat Island, Saadiyat Island, Al Dhiba St, Abu Dhabi, PO Box 0000",+97143099067,h1031.marketing02@millenniumhotels.com,https://www.propertyfinder.ae/en/broker/millennium-residences-saadiyat-island-12672,total_properties:4,FALSE,https://www.propertyfinder.ae/en/find-broker/search,2026-04-26,
CN-5777975,UBERHAUS REAL ESTATE,,,,,,"Office 1ST FLOOR, Building B1, REGUS BUSINESS CENTRE, Mussafah, Al Busand 1st St, Abu Dhabi, PO Box -",+971566985880,info@uberhaus.com,https://www.propertyfinder.ae/en/broker/uberhaus-real-estate-11424,"commercial_listings:1,total_properties:4",TRUE,https://www.propertyfinder.ae/en/find-broker/search,2026-04-26,
CN-5781611,Signature Realty Hub for Real Estate LLC SPC,,,,,,"Office M1, Building Alkhair Tower, Al Manhal, Airport Rd, Abu Dhabi,",+971582997745,info@signaturerealty.ae,https://www.propertyfinder.ae/en/broker/signature-realty-hub-for-real-estate-l-l-c-11168,total_properties:21,FALSE,https://www.propertyfinder.ae/en/find-broker/search,2026-04-26,
CN-5810228,URBAN CITY  PROPERTY  - L.L.C - S.P.C,,,,,,"Office 1202, Building C54, Al Nahyan Camp, AL MAMOURA, Abu Dhabi, PO Box -",+971561004110,info@urbancity.pro,https://www.propertyfinder.ae/en/broker/urban-city-property-l-l-c-s-p-c-v2-12871,total_properties:69,FALSE,https://www.propertyfinder.ae/en/find-broker/search,2026-04-26,
CN-5827284,ALTURA REAL ESTATE SERVICES LLC,,,,,,"Office G01, Building -Al Bandar Commercial,, Al Raha Beach, Abu Dhabi, PO Box -",+971562393872,lucas@alturaproperty.com,https://www.propertyfinder.ae/en/broker/altura-real-estate-services-llc-12161,total_properties:127,FALSE,https://www.propertyfinder.ae/en/find-broker/search,2026-04-26,
CN-5830747,CASA GRANDE REAL ESTATE - L.L.C - S.P.C,,,,,,"Office 1303, Building al yasat tower, Al Najda Street, Najda street, Abu Dhabi,",+971503173355,soubhichawaf@casagrande-ae.com,https://www.propertyfinder.ae/en/broker/casa-grande-real-estate-l-l-c-s-p-c-12440,total_properties:18,FALSE,https://www.propertyfinder.ae/en/find-broker/search,2026-04-26,
CN-5835169,Maison 71,,,,,,"Office -, Building -, Yas Island, -, Abu Dhabi, PO Box -",+971525788551,jaime@maison-71.com,https://www.propertyfinder.ae/en/broker/maison-71-v2-13172,total_properties:3,FALSE,https://www.propertyfinder.ae/en/find-broker/search,2026-04-26,
CN-5840703,DREAM FINDERS REAL ESTATE - L.L.C - S.P.C,,,,,,"Office 1, Building 1, Abu Dhabi Gate City, 1, Abu Dhabi,",+971501157077,i.stegniy@dreamfinders.co,https://www.propertyfinder.ae/en/broker/dream-finders-real-estate-l-l-c-s-p-c-11561,total_properties:7,FALSE,https://www.propertyfinder.ae/en/find-broker/search,2026-04-26,
CN-5841397,O D Z  PROPERTIES - L.L.C - S.P.C,,,,,,"Office -, Building -, Abu Dhabi Gate City, -, Abu Dhabi, PO Box -",+971568741760,hamza@odzrealty.com,https://www.propertyfinder.ae/en/broker/o-d-z-properties-l-l-c-s-p-c-12563,total_properties:1,FALSE,https://www.propertyfinder.ae/en/find-broker/search,2026-04-26,
CN-5841418,EAST WEST HOMES  PROPERTIES  - L.L.C - S.P.C,,,,,,"Office 0, Building 0, Abu Dhabi Gate City, 0, Abu Dhabi, PO Box 0",+971544721409,info@ewhproperties.com,https://www.propertyfinder.ae/en/broker/east-west-homes-properties-l-l-c-s-p-c-12606,total_properties:4,FALSE,https://www.propertyfinder.ae/en/find-broker/search,2026-04-26,
CN-5875463,Golden Key Real Estate Management,,,,,,"Office Ground level, Building al raha beach hotel, Al Raha Beach, AL RAHA, Abu Dhabi, PO Box -",+971554437878,,https://www.propertyfinder.ae/en/broker/golden-key-real-estate-management-v2-12866,total_properties:3,FALSE,https://www.propertyfinder.ae/en/find-broker/search,2026-04-26,email_office redacted: personal domain
CN-5878543,O AND M HOMES REAL ESTATE  - L.L.C - S.P.C,,,,,,"Office -, Building -, Abu Dhabi Gate City, -, Abu Dhabi, PO Box -",+971521354442,info@onmhomes.com,https://www.propertyfinder.ae/en/broker/o-and-m-homes-real-estate-l-l-c-s-p-c-12814,total_properties:41,FALSE,https://www.propertyfinder.ae/en/find-broker/search,2026-04-26,
CN-5903339,THE HOUSING ENTERPRISE COMPANY PROPERTY MANAGEMENT - L.L.C - S.P.C,,,,,,"Office floor 2, Building building 13, Muroor Area, al turath street, Abu Dhabi, PO Box -",+971504156649,info@thecompany.ae,https://www.propertyfinder.ae/en/broker/the-housing-enterprise-company-property-management-l-l-c-s-p-c-12747,total_properties:92,FALSE,https://www.propertyfinder.ae/en/find-broker/search,2026-04-26,
CN-5914461,VAN NOORD REAL ESTATE MANAGEMENT - L.L.C - S.P.C,,,,,,"Office -, Building -, Danet Abu Dhabi, -, Abu Dhabi, PO Box -",+971586139605,info@vannoordre.com,https://www.propertyfinder.ae/en/broker/van-noord-real-estate-management-l-l-c-s-p-c-12953,total_properties:6,FALSE,https://www.propertyfinder.ae/en/find-broker/search,2026-04-26,
CN-5917611,ULTIMATE HUB,,,,,,"Office Office 101, Building Al Nasr Tower 1, Corniche Area, Al Nasr Street, Abu Dhabi, PO Box 000",+971564512112,mehrez.k@ultimatehubrealestate.com,https://www.propertyfinder.ae/en/broker/ultimate-hub-12913,total_properties:81,FALSE,https://www.propertyfinder.ae/en/find-broker/search,2026-04-26,
CN-5921660,KULM EXCLUSIVE PROPERTIES - AUH,,,,,,"Office #6, Haibu Space, Building Abu Dhabi Mall, Al Zahiyah, Al Marina Street, Abu Dhabi, PO Box -",+971522791515,info@kulm-group.com,https://www.propertyfinder.ae/en/broker/kulm-exclusive-properties-auh-11571,"commercial_listings:5,total_properties:60",TRUE,https://www.propertyfinder.ae/en/find-broker/search,2026-04-26,
CN-5921996,Selecto House Properties - L.L.C - S.P.C.,,,,,,"Office 0, Building 0, Abu Dhabi Gate City, 0, Abu Dhabi, PO Box 0",+971507800951,,https://www.propertyfinder.ae/en/broker/selecto-house-properties-l-l-c-s-p-c-12751,"commercial_listings:1,total_properties:17",TRUE,https://www.propertyfinder.ae/en/find-broker/search,2026-04-26,email_office redacted: personal domain
CN-5945586,Arabian Sunrise Properties Limited - Abu Dhabi,,,,,,"Office 5708, Building Addax Port Tower, Al Reem Island, Al Reem Island, Abu Dhabi, PO Box 000",+971567638838,maria@arabiansp.ae,https://www.propertyfinder.ae/en/broker/arabian-sunrise-properties-limited-abu-dhabi-12415,total_properties:24,FALSE,https://www.propertyfinder.ae/en/find-broker/search,2026-04-26,
CN-5948709,BENCHMARK BROKERS REAL ESTATE BROKERAGE - L.L.C - S.P.C,,,,,,"Office 2nd Floor, Building C1 Building, Al Salam Street, 26 Al Nuzha Street, Abu Dhabi, PO Box 000",+971507571191,karim.sami@adcp.ae,https://www.propertyfinder.ae/en/broker/benchmark-brokers-real-estate-brokerage-l-l-c-s-p-c-12865,total_properties:28,FALSE,https://www.propertyfinder.ae/en/find-broker/search,2026-04-26,
CN-5957564,AXIS HOME REAL ESTATE & MAINTENANCE SERVICES - L.L.C - S.P.C,,,,,,"Office -, Building -, Abu Dhabi Gate City, -, Abu Dhabi, PO Box -",+971564651438,ayush.banerjee@axishome.ae,https://www.propertyfinder.ae/en/broker/axis-home-real-estate-maintenance-services-l-l-c-s-p-c-v2-13000,"commercial_listings:1,total_properties:13",TRUE,https://www.propertyfinder.ae/en/find-broker/search,2026-04-26,
CN-5959109,LIVANA REAL ESTATE BROKORAGE - L.L.C - S.P.C,,,,,,"Office -, Building -, Al Markaziyah, -, Abu Dhabi, PO Box -",+971551551554,info@livanauae.com,https://www.propertyfinder.ae/en/broker/livana-real-estate-brokorage-l-l-c-s-p-c-12486,"commercial_listings:2,total_properties:16",TRUE,https://www.propertyfinder.ae/en/find-broker/search,2026-04-26,
CN-5984937,MAPLE LEAF PROPERTY  - L.L.C - S.P.C,,,,,,"Office 0, Building 0, Al Shahama, 0, Abu Dhabi, PO Box 0",+971508079494,sanad@mapleleafproperties.ae,https://www.propertyfinder.ae/en/broker/maple-leaf-property-l-l-c-s-p-c-12603,total_properties:2,FALSE,https://www.propertyfinder.ae/en/find-broker/search,2026-04-26,
CN-6001129,Home Sweet Home Real Estate-AD,,,,,,"Office ., Building ., Abu Dhabi Gate City, ., Abu Dhabi, PO Box .",+971542227333,hr@hshestate.com,https://www.propertyfinder.ae/en/broker/home-sweet-home-real-estate-ad-12847,total_properties:7,FALSE,https://www.propertyfinder.ae/en/find-broker/search,2026-04-26,
CN-6015075,RED BOAT REAL ESTATE AND GENERAL MAINTENANCE - L.L.C,,,,,,"Office -, Building -, Abu Dhabi Gate City, -, Abu Dhabi, PO Box -",+971551132651,,https://www.propertyfinder.ae/en/broker/red-boat-real-estate-and-general-maintenance-l-l-c-v2-12958,total_properties:2,FALSE,https://www.propertyfinder.ae/en/find-broker/search,2026-04-26,email_office redacted: personal domain
CN-6049325,GALINA NAM REAL ESTATE,,,,,,"Office -, Building -, Corniche Road, -, Abu Dhabi, PO Box -",+971507437705,info@galina-nam.com,https://www.propertyfinder.ae/en/broker/galina-nam-real-estate-v2-13045,total_properties:2,FALSE,https://www.propertyfinder.ae/en/find-broker/search,2026-04-26,
CN-6098348,Crescent Gate Property Management - L.L.C,,,,,,"Office -, Building -, Rawdhat Abu Dhabi, -, Abu Dhabi, PO Box -",+971555499717,,https://www.propertyfinder.ae/en/broker/crescent-gate-property-management-l-l-c-12886,total_properties:8,FALSE,https://www.propertyfinder.ae/en/find-broker/search,2026-04-26,email_office redacted: personal domain
CN-6100403,GOLDWINGS  PROPERTY MANAGEMENT,,,,,,"Office 02, Building Madinat zayed office tower, Madinat Zayed, MUROOR ROAD, Abu Dhabi, PO Box -",+971506689517,ceo@goldwingsproperty.com,https://www.propertyfinder.ae/en/broker/goldwings-property-management-v2-13078,total_properties:26,FALSE,https://www.propertyfinder.ae/en/find-broker/search,2026-04-26,
CN-6101865,KYMIA PROPERTIES - L.L.C. - S.P.C.,,,,,,"Office -, Building -, Abu Dhabi Gate City, -, Abu Dhabi, PO Box -",+971543015860,info@kymiaproperties.com,https://www.propertyfinder.ae/en/broker/kymia-properties-l-l-c-s-p-c-v2-12978,total_properties:25,FALSE,https://www.propertyfinder.ae/en/find-broker/search,2026-04-26,
CN-6111208,PRESIGHT PROPERTIES   - L.L.C - S.P.C,,,,,,"Office -, Building -, Abu Dhabi Gate City, -, Abu Dhabi, PO Box -",+971542211777,info@presightproperties.ae,https://www.propertyfinder.ae/en/broker/presight-properties-l-l-c-s-p-c-12943,"commercial_listings:2,total_properties:40",TRUE,https://www.propertyfinder.ae/en/find-broker/search,2026-04-26,
CN-6119629,Equity Edge Real Estate - ABU DHABI,,,,,,,+971585079764,danny.a@equityedge.ae,https://www.propertyfinder.ae/en/broker/equity-edge-real-estate-abu-dhabi-v2-13215,total_properties:2,FALSE,https://www.propertyfinder.ae/en/find-broker/search,2026-04-26,
CN-6218229,ROOTS ORIGIN PROPERTIES - L.L.C,,,,,,"Office -, Building -, Al Markaziyah, -, Abu Dhabi, PO Box -",+971506176109,mohamad.youssef@rootsop.com,https://www.propertyfinder.ae/en/broker/roots-origin-properties-l-l-c-v2-13106,total_properties:6,FALSE,https://www.propertyfinder.ae/en/find-broker/search,2026-04-26,
CN-6257689,SEVEN ACRES REAL ESTATE - BRANCH OF ABU DHABI,,,,,,,+971566159791,,https://www.propertyfinder.ae/en/broker/seven-acres-real-estate-branch-of-abu-dhabi-v2-13023,total_properties:3,FALSE,https://www.propertyfinder.ae/en/find-broker/search,2026-04-26,email_office redacted: personal domain
CN-6301784,Prime Residences Property Management LLC,,,,,,"Office 107, Building Al Jazira Club, Muroor Area, Al Muroor - Rashid Bin Saeed Al Maktoum St(2nd St), Abu Dhabi, PO Box -",+971567029652,contact@primeresidences.ae,https://www.propertyfinder.ae/en/broker/prime-residences-property-management-llc-v2-180070,total_properties:6,FALSE,https://www.propertyfinder.ae/en/find-broker/search,2026-04-26,
CN-6305216,ONE LOCATION REAL ESTATE - L.L.C - S.P.C,,,,,,"Office 1619, Building Alkhazna Tower, Al Najda Street, al najda st, Abu Dhabi, PO Box -",+971589329980,,https://www.propertyfinder.ae/en/broker/one-location-real-estate-l-l-c-s-p-c-v2-13362,total_properties:55,FALSE,https://www.propertyfinder.ae/en/find-broker/search,2026-04-26,email_office redacted: personal domain
CN-6315741,NATION STARS REAL ESTATE - L.L.C - S.P.C,,,,,,"Office ., Building ., Mussafah, ., Abu Dhabi, PO Box .",+971556689955,info@nationstars.ae,https://www.propertyfinder.ae/en/broker/nation-stars-real-estate-l-l-c-s-p-c-v2-180415,total_properties:10,FALSE,https://www.propertyfinder.ae/en/find-broker/search,2026-04-26,
CN-6373690,NEXON REAL ESTATE AND MANAGEMENT SERVICES - L.L.C - S.P.C,,,,,,"Office office 129, Building ICAD 2, Mussafah, Abu Dhabi industrial area, Abu Dhabi, PO Box -",+971503961138,imran@nexonestate.com,https://www.propertyfinder.ae/en/broker/nexon-real-estate-and-management-services-l-l-c-s-p-c-v2-180374,total_properties:5,FALSE,https://www.propertyfinder.ae/en/find-broker/search,2026-04-26,
CN-6432277,Meadows Living Real Estate - L.L.C,,,,,,"Office Office 512, Building Madinat Zayed Tower, Muroor Area, Muroor Road, Abu Dhabi, PO Box -",+971585172439,gary.carr@meadowsliving.ae,https://www.propertyfinder.ae/en/broker/meadows-living-real-estate-l-l-c-v2-180464,total_properties:1,FALSE,https://www.propertyfinder.ae/en/find-broker/search,2026-04-26,
cn-5815084,Via Sakan Properties - L.L.C. - S.P.C,,,,,,"Office -, Building Alwahda Millennium tower, Airport Road, Airport Road, Abu Dhabi, PO Box -",+971543787876,cs@viasakan.ae,https://www.propertyfinder.ae/en/broker/via-sakan-properties-l-l-c-s-p-c-v2-13291,total_properties:22,FALSE,https://www.propertyfinder.ae/en/find-broker/search,2026-04-26,
