{"type":"FeatureCollection","features":[{"type":"Feature","id":"10501","geometry":{"type":"Point","coordinates":[55.493,25.185]},"properties":{"devicedb_id":"10501","location_name":"DEIRA-Adnoc service station, The Villa,Wadi al Saffa","location_address":"Wadi al Saffa, Dubai, United Arab Emirates","totalnbofconnectors":"3","connectortype":"Combo CCS , ChaDeMo , 62196-2 (Three Phase)"}},{"type":"Feature","id":"10569","geometry":{"type":"Point","coordinates":[55.4184181,25.2794578]},"properties":{"devicedb_id":"10569","location_name":"DTC MuhaisInah Fourth","location_address":"07 MuhaisInah, Dubai, United Arab Emirates","totalnbofconnectors":"2","connectortype":"ComboCCS2 , ComboCCS2"}},{"type":"Feature","id":"10437","geometry":{"type":"Point","coordinates":[55.1563471,24.9544459]},"properties":{"devicedb_id":"10437","location_name":"J.ALI-Expo 2020 Sustainability Parking-02","location_address":"Dubai, United Arab Emirates","totalnbofconnectors":"2","connectortype":"62196-2 (Three Phase) , 62196-2 (Three Phase)"}},{"type":"Feature","id":"10535","geometry":{"type":"Point","coordinates":[55.1666067,25.1028108]},"properties":{"devicedb_id":"10535","location_name":"J.ALI-TECOM, Baithak Office Bldg,382-Al Safouh,","location_address":"Dubai, United Arab Emirates","totalnbofconnectors":"2","connectortype":"62196-2 (Three Phase) , 62196-2 (Three Phase)"}},{"type":"Feature","id":"10487","geometry":{"type":"Point","coordinates":[55.2869629,25.2229025]},"properties":{"devicedb_id":"10487","location_name":"BUR DUBAI DWTC Sh:Rashid Hall  Multistory Parking,4th floor","location_address":"Sh.Zayed Road, Sh.Zayed Road, Dubai, United Arab Emirates","totalnbofconnectors":"2","connectortype":"62196-2 (Three Phase) , 62196-2 (Three Phase)"}},{"type":"Feature","id":"10542","geometry":{"type":"Point","coordinates":[55.16792525,25.1029927]},"properties":{"devicedb_id":"10542","location_name":"GE building, TECOM","location_address":"Safouh, Dubai, United Arab Emirates","totalnbofconnectors":"2","connectortype":"62196-2 (Three Phase) , 62196-2 (Three Phase)"}},{"type":"Feature","id":"10520","geometry":{"type":"Point","coordinates":[55.241,25.074]},"properties":{"devicedb_id":"10520","location_name":"Dubai Holding, DSP Head Quarters","location_address":"Barsha, Dubai, United Arab Emirates","totalnbofconnectors":"2","connectortype":"62196-2 (Three Phase) , 62196-2 (Three Phase)"}},{"type":"Feature","id":"240","geometry":{"type":"Point","coordinates":[55.3935917,25.1108064]},"properties":{"devicedb_id":"240","location_name":"DEIRA-Dubai Men's college","location_address":"Academic City, Dubai, United Arab Emirates","totalnbofconnectors":"2","connectortype":"62196-2 (Three Phase) , 62196-2 (Three Phase)"}},{"type":"Feature","id":"10361","geometry":{"type":"Point","coordinates":[55.5598519,24.8635621]},"properties":{"devicedb_id":"10361","location_name":"DEIRA-ADNOC Petrol Station, Umm Eselay","location_address":"Dubai, United Arab Emirates","totalnbofconnectors":"3","connectortype":"Combo CCS , ChaDeMo , 62196-2 (Three Phase)"}},{"type":"Feature","id":"354","geometry":{"type":"Point","coordinates":[55.4166052,25.2699011]},"properties":{"devicedb_id":"354","location_name":"DEIRA-ADNOC Petrol Station, Muhaisinah E311","location_address":"ADNOC, Dubai, United Arab Emirates","totalnbofconnectors":"3","connectortype":"Combo CCS , ChaDeMo , 62196-2 (Three Phase)"}},{"type":"Feature","id":"314","geometry":{"type":"Point","coordinates":[55.2831539,25.2142778]},"properties":{"devicedb_id":"314","location_name":"BUR DUBAI-Gate District,Basement 1, Visitors Parking-S18","location_address":"DIFC, Dubai, United Arab Emirates","totalnbofconnectors":"2","connectortype":"62196-2 (Three Phase) , 62196-2 (Three Phase)"}},{"type":"Feature","id":"10519","geometry":{"type":"Point","coordinates":[55.15800111,25.09499989]},"properties":{"devicedb_id":"10519","location_name":"JALI-Tecom Master Card Bldg , Safouh","location_address":"Dubai, United Arab Emirates","totalnbofconnectors":"2","connectortype":"62196-2 (Three Phase) , 62196-2 (Three Phase)"}},{"type":"Feature","id":"224","geometry":{"type":"Point","coordinates":[55.27,25.194]},"properties":{"devicedb_id":"224","location_name":"BUR DUBAI-Sheikh Mohammed bin Rashid Al Maktoum Boulevard 3 - 01","location_address":"EMAAR, Dubai, United Arab Emirates","totalnbofconnectors":"1","connectortype":"62196-2 (Three Phase)"}},{"type":"Feature","id":"311","geometry":{"type":"Point","coordinates":[55.2855996,25.220983]},"properties":{"devicedb_id":"311","location_name":"BUR DUBAI-ONE CENTRAL TOWER 02","location_address":"TRADE CENTER, Dubai, United Arab Emirates","totalnbofconnectors":"1","connectortype":"62196-2 (Three Phase)"}},{"type":"Feature","id":"10430","geometry":{"type":"Point","coordinates":[55.2411166,25.0858966]},"properties":{"devicedb_id":"10430","location_name":"BUR DUBAI-Al Barsha South 1 Mall-1  (Left side)","location_address":"Al Barsha South 1, Dubai, United Arab Emirates","totalnbofconnectors":"1","connectortype":"62196-2 (Three Phase)"}},{"type":"Feature","id":"10445","geometry":{"type":"Point","coordinates":[55.3765973,25.1192035]},"properties":{"devicedb_id":"10445","location_name":"DEIRA-Dubai Digital Park-D1 building Parking","location_address":"DSO, Dubai, United Arab Emirates","totalnbofconnectors":"2","connectortype":"62196-2 (Three Phase) , 62196-2 (Three Phase)"}},{"type":"Feature","id":"10399","geometry":{"type":"Point","coordinates":[55.1066195,25.0290361]},"properties":{"devicedb_id":"10399","location_name":"J.ALI-Festival Plaza,IKEA Parking-1","location_address":"Jebel Ali Village, United Arab Emirates","totalnbofconnectors":"1","connectortype":"62196-2 (Three Phase)"}},{"type":"Feature","id":"10555","geometry":{"type":"Point","coordinates":[55.302,25.252]},"properties":{"devicedb_id":"10555","location_name":"BUR DUBAI-Burjuman Ground parking-EV-4","location_address":"Mankhool, Dubai, United Arab Emirates","totalnbofconnectors":"1","connectortype":"62196-2 (Three Phase)"}},{"type":"Feature","id":"272","geometry":{"type":"Point","coordinates":[55.355,25.279]},"properties":{"devicedb_id":"272","location_name":"DEIRA-Dubai Police E-Service Building","location_address":"Dubai, United Arab Emirates","totalnbofconnectors":"2","connectortype":"62196-2 (Three Phase) , 62196-2 (Three Phase)"}},{"type":"Feature","id":"289","geometry":{"type":"Point","coordinates":[55.2896713,25.2206786]},"properties":{"devicedb_id":"289","location_name":"BUR DUBAI-New  Parking Happiness Street -02","location_address":"DWTC, Dubai, United Arab Emirates","totalnbofconnectors":"1","connectortype":"62196-2 (Three Phase)"}},{"type":"Feature","id":"122","geometry":{"type":"Point","coordinates":[55.105,24.997]},"properties":{"devicedb_id":"122","location_name":"J.ALI-Jabel Ali Industries Customer Service Center 01","location_address":"DEWA, Dubai, United Arab Emirates","totalnbofconnectors":"2","connectortype":"62196-2 (Three Phase) , 62196-2 (Three Phase)"}},{"type":"Feature","id":"10482","geometry":{"type":"Point","coordinates":[55.218,25.138]},"properties":{"devicedb_id":"10482","location_name":"BUR DUBAI-ADNOC Petrol Station,Al Quoz Industrial 3","location_address":"ADNOC, Dubai, United Arab Emirates","totalnbofconnectors":"3","connectortype":"62196-2 (Three Phase) , Combined ChaDeMo/ComboCCS , Combined ChaDeMo/C"}},{"type":"Feature","id":"10551","geometry":{"type":"Point","coordinates":[55.252,25.09]},"properties":{"devicedb_id":"10551","location_name":"BUR DUBAI-ENOC Petrol Station (1076) Dubai Hills.","location_address":"Dubai Hills, Dubai, United Arab Emirates","totalnbofconnectors":"1","connectortype":"Combo CCS"}},{"type":"Feature","id":"10547","geometry":{"type":"Point","coordinates":[55.2821092,25.0272495]},"properties":{"devicedb_id":"10547","location_name":"BUR DUBAI-Dubai Holding, Layan community","location_address":"Wadi Al Saffa, Dubai, United Arab Emirates","totalnbofconnectors":"2","connectortype":"62196-2 (Three Phase) , 62196-2 (Three Phase)"}},{"type":"Feature","id":"245","geometry":{"type":"Point","coordinates":[55.41504144,25.27814312]},"properties":{"devicedb_id":"245","location_name":"DEIRA-Dubai Taxi HQ 01","location_address":"Dubai Taxi Corporation-, Dubai-SS3066B(PVT LVDB), United Arab Emirates","totalnbofconnectors":"2","connectortype":"62196-2 (Three Phase) , 62196-2 (Three Phase)"}},{"type":"Feature","id":"10383","geometry":{"type":"Point","coordinates":[55.3565406,25.2766833]},"properties":{"devicedb_id":"10383","location_name":"DEIRA-Dubai Police HQ-Decision Support Area -03","location_address":"Dubai, United Arab Emirates","totalnbofconnectors":"1","connectortype":"62196-2 (Three Phase)"}},{"type":"Feature","id":"10450","geometry":{"type":"Point","coordinates":[55.389186,25.2634398]},"properties":{"devicedb_id":"10450","location_name":"DEIRA-Dubai Civil Defense Head Quarters-02","location_address":"Ghusais, Dubai, United Arab Emirates","totalnbofconnectors":"2","connectortype":"62196-2 (Three Phase) , 62196-2 (Three Phase)"}},{"type":"Feature","id":"332","geometry":{"type":"Point","coordinates":[55.263422,25.2073879]},"properties":{"devicedb_id":"332","location_name":"BUR DUBAI-City Walk-2,Basement1-01","location_address":"Al Wasel, Dubai, United Arab Emirates","totalnbofconnectors":"1","connectortype":"62196-2 (Three Phase)"}},{"type":"Feature","id":"10500","geometry":{"type":"Point","coordinates":[55.356,25.089]},"properties":{"devicedb_id":"10500","location_name":"BUR DUBAI-Adnoc service station, Wadi al Shabak","location_address":"Wadi al Shabak, Dubai, United Arab Emirates","totalnbofconnectors":"3","connectortype":"Combo CCS , ChaDeMo , 62196-2 (Three Phase)"}},{"type":"Feature","id":"318","geometry":{"type":"Point","coordinates":[55.202,25.118]},"properties":{"devicedb_id":"318","location_name":"BUR DUBAI-Emirates Mall-level2 Parking-C8 (Left side)","location_address":"Emirates Mall, Dubai, United Arab Emirates","totalnbofconnectors":"1","connectortype":"62196-2 (Three Phase)"}},{"type":"Feature","id":"10415","geometry":{"type":"Point","coordinates":[55.3159644,25.2749168]},"properties":{"devicedb_id":"10415","location_name":"DEIRA-B. Naher CS","location_address":"DEWA, Dubai, United Arab Emirates","totalnbofconnectors":"2","connectortype":"62196-2 (Three Phase) , 62196-2 (Three Phase)"}},{"type":"Feature","id":"253","geometry":{"type":"Point","coordinates":[55.1891699,25.1326254]},"properties":{"devicedb_id":"253","location_name":"BUR DUBAI-Dubai Holding HQ","location_address":"Dubai Holding, Dubai, United Arab Emirates","totalnbofconnectors":"2","connectortype":"62196-2 (Three Phase) , 62196-2 (Three Phase)"}},{"type":"Feature","id":"10455","geometry":{"type":"Point","coordinates":[55.335,25.154]},"properties":{"devicedb_id":"10455","location_name":"BUR DUBAI-ENOC Petrol Station (1604)","location_address":"Nad Al Sheba, Dubai, United Arab Emirates","totalnbofconnectors":"3","connectortype":"Combo CCS , ChaDeMo , 62196-2 (Three Phase)"}},{"type":"Feature","id":"10529","geometry":{"type":"Point","coordinates":[55.2419373,25.07638]},"properties":{"devicedb_id":"10529","location_name":"BUR DUBAI-DSP Lab, Barsha","location_address":"Dubai, United Arab Emirates","totalnbofconnectors":"2","connectortype":"62196-2 (Three Phase) , 62196-2 (Three Phase)"}},{"type":"Feature","id":"10493","geometry":{"type":"Point","coordinates":[55.354473,25.272789]},"properties":{"devicedb_id":"10493","location_name":"Deira,Dubai Police,Trafic Department Admin Building,  Deira","location_address":"Al Twar, Dubai, United Arab Emirates","totalnbofconnectors":"2","connectortype":"62196-2 (Three Phase) , 62196-2 (Three Phase)"}},{"type":"Feature","id":"159","geometry":{"type":"Point","coordinates":[55.3630108,25.2373544]},"properties":{"devicedb_id":"159","location_name":"DEIRA-Umm Ramool 01","location_address":"Dubai Municipality, United Arab Emirates","totalnbofconnectors":"2","connectortype":"62196-2 (Three Phase) , 62196-2 (Three Phase)"}},{"type":"Feature","id":"333","geometry":{"type":"Point","coordinates":[55.26367,25.206248]},"properties":{"devicedb_id":"333","location_name":"BUR DUBAI-City Walk-2,Basement1-02","location_address":"Al wasl, Dubai, United Arab Emirates","totalnbofconnectors":"1","connectortype":"62196-2 (Three Phase)"}},{"type":"Feature","id":"288","geometry":{"type":"Point","coordinates":[55.472325,24.931277]},"properties":{"devicedb_id":"288","location_name":"DEIRA","location_address":"Lussaily Park-Dubai Muncipality, Dubai, United Arab Emirates","totalnbofconnectors":"2","connectortype":"62196-2 (Three Phase) , 62196-2 (Three Phase)"}},{"type":"Feature","id":"164","geometry":{"type":"Point","coordinates":[55.3034093,25.070094]},"properties":{"devicedb_id":"164","location_name":"BUR DUBAI-Global Village - VIP Parking","location_address":"Dubai, United Arab Emirates","totalnbofconnectors":"2","connectortype":"62196-2 (Three Phase) , 62196-2 (Three Phase)"}},{"type":"Feature","id":"335","geometry":{"type":"Point","coordinates":[55.3721396,25.2602869]},"properties":{"devicedb_id":"335","location_name":"DEIRA-West Building Parking","location_address":"DAFZA, Dubai, United Arab Emirates","totalnbofconnectors":"2","connectortype":"62196-2 (Three Phase) , 62196-2 (Three Phase)"}},{"type":"Feature","id":"10537","geometry":{"type":"Point","coordinates":[55.1870078,25.0279749]},"properties":{"devicedb_id":"10537","location_name":"J.ALI-Prebuilt D,Warehouse, 685","location_address":"Maesam First, Dubai, United Arab Emirates","totalnbofconnectors":"2","connectortype":"62196-2 (Three Phase) , 62196-2 (Three Phase)"}},{"type":"Feature","id":"118","geometry":{"type":"Point","coordinates":[55.282,25.244]},"properties":{"devicedb_id":"118","location_name":"BUR DUBAI-Al Hudaiba Customer Services Center 01","location_address":"DEWA, Dubai, United Arab Emirates","totalnbofconnectors":"2","connectortype":"62196-2 (Three Phase) , 62196-2 (Three Phase)"}},{"type":"Feature","id":"10528","geometry":{"type":"Point","coordinates":[55.1710775,25.1033012]},"properties":{"devicedb_id":"10528","location_name":"JALI-DIC-16,Dubai Media City,382-Al Safouh","location_address":"Dubai, United Arab Emirates","totalnbofconnectors":"2","connectortype":"62196-2 (Three Phase) , 62196-2 (Three Phase)"}},{"type":"Feature","id":"301","geometry":{"type":"Point","coordinates":[55.4053494,25.1593208]},"properties":{"devicedb_id":"301","location_name":"DEIRA","location_address":"International City Pavilion, Dubai, United Arab Emirates","totalnbofconnectors":"2","connectortype":"62196-2 (Three Phase) , 62196-2 (Three Phase)"}},{"type":"Feature","id":"340","geometry":{"type":"Point","coordinates":[55.1464739,25.0642166]},"properties":{"devicedb_id":"340","location_name":"J.ALI-Jumeira Island Pavilion","location_address":"Dubai, United Arab Emirates","totalnbofconnectors":"2","connectortype":"62196-2 (Three Phase) , 62196-2 (Three Phase)"}},{"type":"Feature","id":"183","geometry":{"type":"Point","coordinates":[55.277,25.031]},"properties":{"devicedb_id":"183","location_name":"BUR DUBAI-Sustainable City 03","location_address":"Sustainable City, Dubai, United Arab Emirates","totalnbofconnectors":"2","connectortype":"62196-2 (Three Phase) , 62196-2 (Three Phase)"}},{"type":"Feature","id":"10563","geometry":{"type":"Point","coordinates":[55.118,25.058]},"properties":{"devicedb_id":"10563","location_name":"K- Station, JEBAL ALI GENERATION PLANT","location_address":"Jeabal Ali, Dubai, United Arab Emirates","totalnbofconnectors":"2","connectortype":"62196-2 (Three Phase) , 62196-2 (Three Phase)"}},{"type":"Feature","id":"158","geometry":{"type":"Point","coordinates":[55.3845838,25.2621171]},"properties":{"devicedb_id":"158","location_name":"DEIRA-Al Twar Center 02","location_address":"Dubai Municipality, Dubai, United Arab Emirates","totalnbofconnectors":"2","connectortype":"62196-2 (Three Phase) , 62196-2 (Three Phase)"}},{"type":"Feature","id":"10531","geometry":{"type":"Point","coordinates":[55.435,25.216]},"properties":{"devicedb_id":"10531","location_name":"DEIRA-SHUROOQ (NEAR PK 6843)","location_address":"Mirdif, Dubai, United Arab Emirates","totalnbofconnectors":"2","connectortype":"62196-2 (Three Phase) , 62196-2 (Three Phase)"}},{"type":"Feature","id":"10527","geometry":{"type":"Point","coordinates":[55.2832963,25.2262233]},"properties":{"devicedb_id":"10527","location_name":"BUR DUBAI-CONRAD Hotel, Sh.Zayed Road","location_address":"Dubai, United Arab Emirates","totalnbofconnectors":"1","connectortype":"62196-2 (Three Phase)"}},{"type":"Feature","id":"274","geometry":{"type":"Point","coordinates":[55.1964048,25.1156034]},"properties":{"devicedb_id":"274","location_name":"BUR DUBAI-Hilton Garden Inn Hotel - Al Barsha","location_address":"Dubai, United Arab Emirates","totalnbofconnectors":"1","connectortype":"62196-2 (Three Phase)"}},{"type":"Feature","id":"10518","geometry":{"type":"Point","coordinates":[55.164,25.098]},"properties":{"devicedb_id":"10518","location_name":"J.ALI-Tecom commercial bldg, DIC 12","location_address":"Safouh, Dubai, United Arab Emirates","totalnbofconnectors":"2","connectortype":"62196-2 (Three Phase) , 62196-2 (Three Phase)"}},{"type":"Feature","id":"232","geometry":{"type":"Point","coordinates":[55.3557,25.2675]},"properties":{"devicedb_id":"232","location_name":"DEIRA-Installed at  Dubai Airport  Terminal 2","location_address":"Dubai Airport, Dubai, United Arab Emirates","totalnbofconnectors":"2","connectortype":"62196-2 (Three Phase) , 62196-2 (Three Phase)"}},{"type":"Feature","id":"128","geometry":{"type":"Point","coordinates":[55.352,25.249]},"properties":{"devicedb_id":"128","location_name":"J.ALI-Maktoum Airport","location_address":"Dubai Airport, Dubai, United Arab Emirates","totalnbofconnectors":"2","connectortype":"62196-2 (Three Phase) , 62196-2 (Three Phase)"}},{"type":"Feature","id":"116","geometry":{"type":"Point","coordinates":[55.2323276,25.1547937]},"properties":{"devicedb_id":"116","location_name":"BUR DUBAI-Al Quoz Sustainable Building 03","location_address":"DEWA, United Arab Emirates","totalnbofconnectors":"2","connectortype":"62196-2 (Three Phase) , 62196-2 (Three Phase)"}},{"type":"Feature","id":"317","geometry":{"type":"Point","coordinates":[55.2414104,25.0697012]},"properties":{"devicedb_id":"317","location_name":"BUR DUBAI-Carrefour Market","location_address":"Al Barsha South, Dubai, United Arab Emirates","totalnbofconnectors":"2","connectortype":"62196-2 (Three Phase) , 62196-2 (Three Phase)"}},{"type":"Feature","id":"229","geometry":{"type":"Point","coordinates":[55.3043301,25.2682354]},"properties":{"devicedb_id":"229","location_name":"DEIRA-RTA Parking New Subkhah 02","location_address":"RTA, Dubai, United Arab Emirates","totalnbofconnectors":"2","connectortype":"62196-2 (Three Phase) , 62196-2 (Three Phase)"}},{"type":"Feature","id":"305","geometry":{"type":"Point","coordinates":[55.283,25.214]},"properties":{"devicedb_id":"305","location_name":"BUR DUBAI-Gate District,Basement 2, Client Parking-K14","location_address":"DIFC, Dubai, United Arab Emirates","totalnbofconnectors":"2","connectortype":"62196-2 (Three Phase) , 62196-2 (Three Phase)"}},{"type":"Feature","id":"10360","geometry":{"type":"Point","coordinates":[55.2323222,25.1547948]},"properties":{"devicedb_id":"10360","location_name":"BUR DUBAI-Al Quoz Sustainable Building 04","location_address":"DEWA, Dubai, United Arab Emirates","totalnbofconnectors":"2","connectortype":"62196-2 (Three Phase) , 62196-2 (Three Phase)"}},{"type":"Feature","id":"10409","geometry":{"type":"Point","coordinates":[55.108,25.028]},"properties":{"devicedb_id":"10409","location_name":"J.ALI-Festival Plaza,Entertaintment Parking-1","location_address":"Jebel Ali Village, Dubai, United Arab Emirates","totalnbofconnectors":"1","connectortype":"62196-2 (Three Phase)"}},{"type":"Feature","id":"331","geometry":{"type":"Point","coordinates":[55.1413257,25.1111112]},"properties":{"devicedb_id":"331","location_name":"J.ALI-Golden Mile Galleria  2, Basement2 -02","location_address":"Palm Jumeirah, Dubai, United Arab Emirates","totalnbofconnectors":"1","connectortype":"62196-2 (Three Phase)"}},{"type":"Feature","id":"320","geometry":{"type":"Point","coordinates":[55.202,25.118]},"properties":{"devicedb_id":"320","location_name":"BUR DUBAI-Emirates Mall-level2 Parking-C8 (Right side)","location_address":"Emirates Mall, Dubai, United Arab Emirates","totalnbofconnectors":"1","connectortype":"62196-2 (Three Phase)"}},{"type":"Feature","id":"230","geometry":{"type":"Point","coordinates":[55.2972765,25.1901322]},"properties":{"devicedb_id":"230","location_name":"BUR DUBAI-Dubai Design District (D3) - Basement","location_address":"Tecom, Dubai, United Arab Emirates","totalnbofconnectors":"2","connectortype":"62196-2 (Three Phase) , 62196-2 (Three Phase)"}},{"type":"Feature","id":"252","geometry":{"type":"Point","coordinates":[55.119,24.911]},"properties":{"devicedb_id":"252","location_name":"J.ALI-Dubai South HQ","location_address":"Dubai South, Dubai, United Arab Emirates","totalnbofconnectors":"2","connectortype":"62196-2 (Three Phase) , 62196-2 (Three Phase)"}},{"type":"Feature","id":"256","geometry":{"type":"Point","coordinates":[55.361,25.071]},"properties":{"devicedb_id":"256","location_name":"BUR DUBAI-ENOC Petrol Station (1092) Wadi Al Saffa E611","location_address":"ENOC, Dubai, United Arab Emirates","totalnbofconnectors":"3","connectortype":"62196-2 (Three Phase) , Combined ChaDeMo/ComboCCS , ChaDeMo"}},{"type":"Feature","id":"10561","geometry":{"type":"Point","coordinates":[55.302,25.253]},"properties":{"devicedb_id":"10561","location_name":"BUR DUBAI-Burjuman Basement parking-EV-3","location_address":"Mankhool, Dubai, United Arab Emirates","totalnbofconnectors":"1","connectortype":"62196-2 (Three Phase)"}},{"type":"Feature","id":"10504","geometry":{"type":"Point","coordinates":[55.4253211,25.2140267]},"properties":{"devicedb_id":"10504","location_name":"DEIRA- Adnoc service station, Garoob ,Mirdif","location_address":"Mirdif, Dubai, United Arab Emirates","totalnbofconnectors":"3","connectortype":"62196-2 (Three Phase) , Combined ChaDeMo/ComboCCS , Combined ChaDeMo/C"}},{"type":"Feature","id":"302","geometry":{"type":"Point","coordinates":[55.3478135,25.3176679]},"properties":{"devicedb_id":"302","location_name":"DEIRA","location_address":"DM Mamzhar Park, Dubai, United Arab Emirates","totalnbofconnectors":"2","connectortype":"62196-2 (Three Phase) , 62196-2 (Three Phase)"}},{"type":"Feature","id":"10536","geometry":{"type":"Point","coordinates":[55.1818827,25.0359554]},"properties":{"devicedb_id":"10536","location_name":"J.ALI-IN5 RFI,IMPZ Gate bldg,685","location_address":"Maesam, Dubai, United Arab Emirates","totalnbofconnectors":"2","connectortype":"62196-2 (Three Phase) , 62196-2 (Three Phase)"}},{"type":"Feature","id":"249","geometry":{"type":"Point","coordinates":[55.323,25.149]},"properties":{"devicedb_id":"249","location_name":"BUR DUBAI-Nad Al Sheba Park","location_address":"Dubai Municipality, Dubai, United Arab Emirates","totalnbofconnectors":"2","connectortype":"62196-2 (Three Phase) , 62196-2 (Three Phase)"}},{"type":"Feature","id":"10402","geometry":{"type":"Point","coordinates":[55.1066763,25.029127]},"properties":{"devicedb_id":"10402","location_name":"J.ALI-Festival Plaza,IKEA Parking-4","location_address":"Jebel Ali Village, Dubai, United Arab Emirates","totalnbofconnectors":"1","connectortype":"62196-2 (Three Phase)"}},{"type":"Feature","id":"10426","geometry":{"type":"Point","coordinates":[55.15626094,24.95449296]},"properties":{"devicedb_id":"10426","location_name":"J.ALI-Expo 2020 Sustainability Parking-01","location_address":"Dubai, United Arab Emirates","totalnbofconnectors":"2","connectortype":"62196-2 (Three Phase) , 62196-2 (Three Phase)"}},{"type":"Feature","id":"206","geometry":{"type":"Point","coordinates":[55.4919727,25.148941]},"properties":{"devicedb_id":"206","location_name":"DEIRA-Rowaiyah -Green Garage 01","location_address":"DEWA, Dubai, United Arab Emirates","totalnbofconnectors":"3","connectortype":"62196-2 (Three Phase) , Combined ChaDeMo/ComboCCS , ChaDeMo"}},{"type":"Feature","id":"200","geometry":{"type":"Point","coordinates":[55.4338129,25.1467764]},"properties":{"devicedb_id":"200","location_name":"DEIRA-Warsan Office 02","location_address":"DEWA, Dubai, United Arab Emirates","totalnbofconnectors":"2","connectortype":"62196-2 (Three Phase) , 62196-2 (Three Phase)"}},{"type":"Feature","id":"10461","geometry":{"type":"Point","coordinates":[55.0000532,24.9269973]},"properties":{"devicedb_id":"10461","location_name":"J.ALI-ENOC Petrol Station (1008)","location_address":"Hessayan, Dubai, United Arab Emirates","totalnbofconnectors":"3","connectortype":"Combo CCS , ChaDeMo , 62196-2 (Three Phase)"}},{"type":"Feature","id":"290","geometry":{"type":"Point","coordinates":[55.2870691,25.2216413]},"properties":{"devicedb_id":"290","location_name":"BUR DUBAI-DWTC - New Zabeel Plaza","location_address":"Dubai, United Arab Emirates","totalnbofconnectors":"2","connectortype":"62196-2 (Three Phase) , 62196-2 (Three Phase)"}},{"type":"Feature","id":"336","geometry":{"type":"Point","coordinates":[55.3728381,25.2590248]},"properties":{"devicedb_id":"336","location_name":"DEIRA-Head Quarters Parking","location_address":"DAFZA, Dubai, United Arab Emirates","totalnbofconnectors":"2","connectortype":"62196-2 (Three Phase) , 62196-2 (Three Phase)"}},{"type":"Feature","id":"10573","geometry":{"type":"Point","coordinates":[55.4184181,25.2794578]},"properties":{"devicedb_id":"10573","location_name":"DTC MuhaisInah Fourth","location_address":"11 MuhaisInah, Dubai, United Arab Emirates","totalnbofconnectors":"2","connectortype":"ComboCCS2 , ComboCCS2"}},{"type":"Feature","id":"10488","geometry":{"type":"Point","coordinates":[55.4066007,25.068177]},"properties":{"devicedb_id":"10488","location_name":"DIERA-Adnoc Dubai-AlAin Road, Near Outlet mall","location_address":"Umm Nahad, Dubai, United Arab Emirates","totalnbofconnectors":"3","connectortype":"62196-2 (Three Phase) , Combined ChaDeMo/ComboCCS , Combined ChaDeMo/C"}},{"type":"Feature","id":"312","geometry":{"type":"Point","coordinates":[55.2878999,25.2274011]},"properties":{"devicedb_id":"312","location_name":"BUR DUBAI-DWTC - Sh Rashid Tower Parking -01","location_address":"DWTC, Dubai, United Arab Emirates","totalnbofconnectors":"1","connectortype":"62196-2 (Three Phase)"}},{"type":"Feature","id":"10358","geometry":{"type":"Point","coordinates":[55.3914015,25.2649006]},"properties":{"devicedb_id":"10358","location_name":"DEIRA-Dubai Police, Qusais Police Station","location_address":"Dubai, United Arab Emirates","totalnbofconnectors":"2","connectortype":"62196-2 (Three Phase) , 62196-2 (Three Phase)"}},{"type":"Feature","id":"10491","geometry":{"type":"Point","coordinates":[55.317948,25.247046]},"properties":{"devicedb_id":"10491","location_name":"BUR DUBAI-Dubai Media Office Um Hurair","location_address":"Dubai, United Arab Emirates","totalnbofconnectors":"2","connectortype":"62196-2 (Three Phase) , 62196-2 (Three Phase)"}},{"type":"Feature","id":"10459","geometry":{"type":"Point","coordinates":[55.14132732,24.95294784]},"properties":{"devicedb_id":"10459","location_name":"J.ALI-Expo 2020 Mobility Parking-03","location_address":"Dubai, United Arab Emirates","totalnbofconnectors":"2","connectortype":"62196-2 (Three Phase) , 62196-2 (Three Phase)"}},{"type":"Feature","id":"10395","geometry":{"type":"Point","coordinates":[55.253351,25.18743]},"properties":{"devicedb_id":"10395","location_name":"BUR DUBAI-Emarat Al Youm","location_address":"Al Wasl, Dubai, United Arab Emirates","totalnbofconnectors":"2","connectortype":"62196-2 (Three Phase) , 62196-2 (Three Phase)"}},{"type":"Feature","id":"165","geometry":{"type":"Point","coordinates":[55.0264127,24.8690382]},"properties":{"devicedb_id":"165","location_name":"J.ALI-ENOC Petrol Station (1057) Jabel Ali E311","location_address":"ENOC, Dubai, United Arab Emirates","totalnbofconnectors":"3","connectortype":"62196-2 (Three Phase) , Combined ChaDeMo/ComboCCS , ChaDeMo"}},{"type":"Feature","id":"324","geometry":{"type":"Point","coordinates":[55.283,25.214]},"properties":{"devicedb_id":"324","location_name":"BUR DUBAI-Gate Village-01,Basement 3, Parking-K06","location_address":"DIFC, Dubai, United Arab Emirates","totalnbofconnectors":"1","connectortype":"62196-2 (Three Phase)"}},{"type":"Feature","id":"10417","geometry":{"type":"Point","coordinates":[55.3691391,24.7673133]},"properties":{"devicedb_id":"10417","location_name":"DEIRA","location_address":"DEWA-Solar Park  3, United Arab Emirates","totalnbofconnectors":"2","connectortype":"62196-2 (Three Phase) , 62196-2 (Three Phase)"}},{"type":"Feature","id":"297","geometry":{"type":"Point","coordinates":[55.1955047,25.0406008]},"properties":{"devicedb_id":"297","location_name":"J.ALI-City Centre,Meisam - Left side","location_address":"MAF, Dubai, United Arab Emirates","totalnbofconnectors":"2","connectortype":"62196-2 (Three Phase) , 62196-2 (Three Phase)"}},{"type":"Feature","id":"10394","geometry":{"type":"Point","coordinates":[55.2750641,25.2060517]},"properties":{"devicedb_id":"10394","location_name":"BUR DUBAI-Central Park Tower,Visitors Parking","location_address":"DIFC, Dubai, United Arab Emirates","totalnbofconnectors":"2","connectortype":"62196-2 (Three Phase) , 62196-2 (Three Phase)"}},{"type":"Feature","id":"10524","geometry":{"type":"Point","coordinates":[55.415,25.213]},"properties":{"devicedb_id":"10524","location_name":"DEIRA-GHUROOB 13B, Mirdif","location_address":"Dubai, United Arab Emirates","totalnbofconnectors":"2","connectortype":"62196-2 (Three Phase) , 62196-2 (Three Phase)"}},{"type":"Feature","id":"292","geometry":{"type":"Point","coordinates":[55.2855372,25.2234576]},"properties":{"devicedb_id":"292","location_name":"BUR DUBAI-DWTC - Sh:Rashid Hall  Multistory Parking,!st Floor","location_address":"Dubai, United Arab Emirates","totalnbofconnectors":"2","connectortype":"62196-2 (Three Phase) , 62196-2 (Three Phase)"}},{"type":"Feature","id":"10539","geometry":{"type":"Point","coordinates":[55.4112756,25.1226883]},"properties":{"devicedb_id":"10539","location_name":"DIAC, D.S.O","location_address":"Dubai Silicon Oasis, Dubai, United Arab Emirates","totalnbofconnectors":"2","connectortype":"62196-2 (Three Phase) , 62196-2 (Three Phase)"}},{"type":"Feature","id":"223","geometry":{"type":"Point","coordinates":[55.2322762,25.154418]},"properties":{"devicedb_id":"223","location_name":"BUR DUBAI-Al Quoz Sustainable Building 02","location_address":"DEWA, Dubai, United Arab Emirates","totalnbofconnectors":"1","connectortype":"62196-2 (Three Phase)"}},{"type":"Feature","id":"10577","geometry":{"type":"Point","coordinates":[55.118,25.0498]},"properties":{"devicedb_id":"10577","location_name":"M -Station PPR JEBAL ALI GENERATION PLANT","location_address":"Jeabal Ali, Dubai, United Arab Emirates","totalnbofconnectors":"2","connectortype":"62196-2 (Three Phase) , 62196-2 (Three Phase)"}},{"type":"Feature","id":"300","geometry":{"type":"Point","coordinates":[55.131,25.065]},"properties":{"devicedb_id":"300","location_name":"J.ALI-Moro Hub, Data Center-Front Parking","location_address":"Jabel Ali, Dubai, United Arab Emirates","totalnbofconnectors":"2","connectortype":"62196-2 (Three Phase) , 62196-2 (Three Phase)"}},{"type":"Feature","id":"10575","geometry":{"type":"Point","coordinates":[55.4184181,25.2794578]},"properties":{"devicedb_id":"10575","location_name":"DTC MuhaisInah Fourth","location_address":"04 MuhaisInah, Dubai, United Arab Emirates","totalnbofconnectors":"2","connectortype":"ComboCCS2 , ComboCCS2"}},{"type":"Feature","id":"10435","geometry":{"type":"Point","coordinates":[55.482,25.188]},"properties":{"devicedb_id":"10435","location_name":"DEIRA-ENOC Petrol Station (1038) Tripoli Street","location_address":"ENOC, Dubai, United Arab Emirates","totalnbofconnectors":"3","connectortype":"Combo CCS , ChaDeMo , 62196-2 (Three Phase)"}},{"type":"Feature","id":"247","geometry":{"type":"Point","coordinates":[55.415003,25.278097]},"properties":{"devicedb_id":"247","location_name":"DEIRA-Dubai Taxi HQ 03","location_address":"Dubai Taxi Corporation 03, Dubai, United Arab Emirates","totalnbofconnectors":"2","connectortype":"62196-2 (Three Phase) , 62196-2 (Three Phase)"}},{"type":"Feature","id":"10374","geometry":{"type":"Point","coordinates":[55.255994,25.2090411]},"properties":{"devicedb_id":"10374","location_name":"BUR DUBAI-Dubai Police, Gen. Dept. of Protective Security & Emergency  (Right Side)","location_address":"Dubai, United Arab Emirates","totalnbofconnectors":"2","connectortype":"62196-2 (Three Phase) , 62196-2 (Three Phase)"}},{"type":"Feature","id":"181","geometry":{"type":"Point","coordinates":[55.2766733,25.030648]},"properties":{"devicedb_id":"181","location_name":"BUR DUBAI-Sustainable City 01","location_address":"Sustainable City, Dubai, United Arab Emirates","totalnbofconnectors":"2","connectortype":"62196-2 (Three Phase) , 62196-2 (Three Phase)"}},{"type":"Feature","id":"325","geometry":{"type":"Point","coordinates":[55.283,25.214]},"properties":{"devicedb_id":"325","location_name":"BUR DUBAI-Gate Village-02,Basement 3, Parking-K06","location_address":"DIFC, Dubai, United Arab Emirates","totalnbofconnectors":"1","connectortype":"62196-2 (Three Phase)"}},{"type":"Feature","id":"345","geometry":{"type":"Point","coordinates":[55.0809522,24.964945]},"properties":{"devicedb_id":"345","location_name":"J.ALI-Jafza ONE Tower-Level 3 Parking -Row7","location_address":"JAFZA, Dubai, United Arab Emirates","totalnbofconnectors":"2","connectortype":"62196-2 (Three Phase) , 62196-2 (Three Phase)"}},{"type":"Feature","id":"10407","geometry":{"type":"Point","coordinates":[55.108,25.029]},"properties":{"devicedb_id":"10407","location_name":"J.ALI--Festival Plaza,Mall Parking-1","location_address":"Jebel Ali Village, Dubai, United Arab Emirates","totalnbofconnectors":"1","connectortype":"62196-2 (Three Phase)"}},{"type":"Feature","id":"323","geometry":{"type":"Point","coordinates":[55.202,25.118]},"properties":{"devicedb_id":"323","location_name":"BUR DUBAI-Emirates Mall-level3 Parking-C6 (Right side)","location_address":"Emirates Mall, Dubai, United Arab Emirates","totalnbofconnectors":"1","connectortype":"62196-2 (Three Phase)"}},{"type":"Feature","id":"310","geometry":{"type":"Point","coordinates":[55.2856126,25.220997]},"properties":{"devicedb_id":"310","location_name":"BUR DUBAI-ONE CENTRAL TOWER 01","location_address":"TRADE CENTER, Dubai, United Arab Emirates","totalnbofconnectors":"1","connectortype":"62196-2 (Three Phase)"}},{"type":"Feature","id":"10389","geometry":{"type":"Point","coordinates":[55.343599,25.2215476]},"properties":{"devicedb_id":"10389","location_name":"BUR DUBAI-Mohammed bin Rashid Library,Basement Parking","location_address":"Jedaf, Dubai, United Arab Emirates","totalnbofconnectors":"2","connectortype":"62196-2 (Three Phase) , 62196-2 (Three Phase)"}},{"type":"Feature","id":"10543","geometry":{"type":"Point","coordinates":[55.424369,25.123825]},"properties":{"devicedb_id":"10543","location_name":"Deira- DOC Solar, EV-1","location_address":"DSO, Dubai, United Arab Emirates","totalnbofconnectors":"2","connectortype":"62196-2 (Three Phase) , 62196-2 (Three Phase)"}},{"type":"Feature","id":"308","geometry":{"type":"Point","coordinates":[55.3537364,25.2354467]},"properties":{"devicedb_id":"308","location_name":"DEIRA-Multistory Car Parking,Garhoud-4th Floor (Left side)","location_address":"DM, Dubai, United Arab Emirates","totalnbofconnectors":"1","connectortype":"62196-2 (Three Phase)"}},{"type":"Feature","id":"186","geometry":{"type":"Point","coordinates":[55.397,25.128]},"properties":{"devicedb_id":"186","location_name":"DEIRA-Dubai Silicon Oasis Community Center","location_address":"Dubai Silicon Oasis, Dubai, United Arab Emirates","totalnbofconnectors":"2","connectortype":"62196-2 (Three Phase) , 62196-2 (Three Phase)"}},{"type":"Feature","id":"10526","geometry":{"type":"Point","coordinates":[55.164,25.1]},"properties":{"devicedb_id":"10526","location_name":"J.ALI-Tecom commercial bldg, INNOVATION HUB","location_address":"Dubai, United Arab Emirates","totalnbofconnectors":"2","connectortype":"62196-2 (Three Phase) , 62196-2 (Three Phase)"}},{"type":"Feature","id":"326","geometry":{"type":"Point","coordinates":[55.1471318,25.1068063]},"properties":{"devicedb_id":"326","location_name":"J.ALI-Golden Mile Galleria 1, Basement2","location_address":"Palm Jumeirah, Dubai, United Arab Emirates","totalnbofconnectors":"2","connectortype":"62196-2 (Three Phase) , 62196-2 (Three Phase)"}},{"type":"Feature","id":"10468","geometry":{"type":"Point","coordinates":[55.4079999,25.2219964]},"properties":{"devicedb_id":"10468","location_name":"DEIRA-Sport Society","location_address":"Mirdif, Dubai, United Arab Emirates","totalnbofconnectors":"2","connectortype":"62196-2 (Three Phase) , 62196-2 (Three Phase)"}},{"type":"Feature","id":"10505","geometry":{"type":"Point","coordinates":[55.4771896,25.165949]},"properties":{"devicedb_id":"10505","location_name":"DEIRA-Adnoc service station, Wadi al Shabak","location_address":"Mirdif, 25.165918, 55.477097, Dubai, United Arab Emirates","totalnbofconnectors":"3","connectortype":"Combo CCS , ChaDeMo , 62196-2 (Three Phase)"}},{"type":"Feature","id":"10467","geometry":{"type":"Point","coordinates":[55.176,25.093]},"properties":{"devicedb_id":"10467","location_name":"J.Ali-Millennium place hotel","location_address":"Barsha Heights, Dubai, United Arab Emirates","totalnbofconnectors":"2","connectortype":"62196-2 (Three Phase) , 62196-2 (Three Phase)"}},{"type":"Feature","id":"10428","geometry":{"type":"Point","coordinates":[55.2890026,25.2220059]},"properties":{"devicedb_id":"10428","location_name":"BUR DUBAI,Convention Center, Podium Basement Parking","location_address":"Trade Center, Dubai, United Arab Emirates","totalnbofconnectors":"2","connectortype":"62196-2 (Three Phase) , 62196-2 (Three Phase)"}},{"type":"Feature","id":"10446","geometry":{"type":"Point","coordinates":[55.38,25.119]},"properties":{"devicedb_id":"10446","location_name":"DEIRA-Dubai Digital Park-C building Parking","location_address":"DSO, Dubai, United Arab Emirates","totalnbofconnectors":"2","connectortype":"62196-2 (Three Phase) , 62196-2 (Three Phase)"}},{"type":"Feature","id":"10494","geometry":{"type":"Point","coordinates":[55.3576578,25.2784813]},"properties":{"devicedb_id":"10494","location_name":"DEIRA-Dubai Police,Forensic Sciences & Criminology Building, DP HQ","location_address":"Dubai, United Arab Emirates","totalnbofconnectors":"2","connectortype":"62196-2 (Three Phase) , 62196-2 (Three Phase)"}},{"type":"Feature","id":"10571","geometry":{"type":"Point","coordinates":[55.4184181,25.2794578]},"properties":{"devicedb_id":"10571","location_name":"DTC MuhaisInah Fourth","location_address":"09 MuhaisInah, Dubai, United Arab Emirates","totalnbofconnectors":"2","connectortype":"ComboCCS2 , ComboCCS2"}},{"type":"Feature","id":"10499","geometry":{"type":"Point","coordinates":[55.5034311,25.1837371]},"properties":{"devicedb_id":"10499","location_name":"DEIRA-Adnoc service station, Wadi al Amardi east","location_address":"Wadi al Aamardi, Dubai, United Arab Emirates","totalnbofconnectors":"3","connectortype":"Combo CCS , ChaDeMo , 62196-2 (Three Phase)"}},{"type":"Feature","id":"10436","geometry":{"type":"Point","coordinates":[55.1564573,24.9543853]},"properties":{"devicedb_id":"10436","location_name":"J.ALI-Expo 2020 Sustainability Parking-03","location_address":"Dubai, United Arab Emirates","totalnbofconnectors":"2","connectortype":"62196-2 (Three Phase) , 62196-2 (Three Phase)"}},{"type":"Feature","id":"10421","geometry":{"type":"Point","coordinates":[55.55393563,25.17632798]},"properties":{"devicedb_id":"10421","location_name":"DEIRA-Dewa Well Field Office-01 (Left Side)","location_address":"Al Aweer, United Arab Emirates","totalnbofconnectors":"2","connectortype":"62196-2 (Three Phase) , 62196-2 (Three Phase)"}},{"type":"Feature","id":"10564","geometry":{"type":"Point","coordinates":[55.4184181,25.2794578]},"properties":{"devicedb_id":"10564","location_name":"DTC MuhaisInah Fourth","location_address":"01 MuhaisInah, Dubai, United Arab Emirates","totalnbofconnectors":"2","connectortype":"ComboCCS2 , ComboCCS2"}},{"type":"Feature","id":"10434","geometry":{"type":"Point","coordinates":[55.324,25.227]},"properties":{"devicedb_id":"10434","location_name":"BUR DUBAI-Main Office Customer Service Center 01","location_address":"DEWA, Dubai, United Arab Emirates","totalnbofconnectors":"2","connectortype":"ComboCCS4 , ChaDeMo"}},{"type":"Feature","id":"242","geometry":{"type":"Point","coordinates":[56.1322163,24.8169175]},"properties":{"devicedb_id":"242","location_name":"HATTA-public library","location_address":"Hatta, United Arab Emirates","totalnbofconnectors":"2","connectortype":"62196-2 (Three Phase) , 62196-2 (Three Phase)"}},{"type":"Feature","id":"216","geometry":{"type":"Point","coordinates":[55.272,25.192]},"properties":{"devicedb_id":"216","location_name":"BUR DUBAI-Sheikh Mohammed bin Rashid Al Maktoum Boulevard 2","location_address":"EMAAR, Dubai, United Arab Emirates","totalnbofconnectors":"2","connectortype":"62196-2 (Three Phase) , 62196-2 (Three Phase)"}},{"type":"Feature","id":"10567","geometry":{"type":"Point","coordinates":[55.4184181,25.2794578]},"properties":{"devicedb_id":"10567","location_name":"DTC MuhaisInah Fourth","location_address":"05 MuhaisInah, Dubai, United Arab Emirates","totalnbofconnectors":"2","connectortype":"ComboCCS2 , ComboCCS2"}},{"type":"Feature","id":"10566","geometry":{"type":"Point","coordinates":[55.4184181,25.2794578]},"properties":{"devicedb_id":"10566","location_name":"DTC MuhaisInah Fourth","location_address":"03 MuhaisInah, Dubai, United Arab Emirates","totalnbofconnectors":"2","connectortype":"ComboCCS2 , ComboCCS2"}},{"type":"Feature","id":"209","geometry":{"type":"Point","coordinates":[55.3050086,25.2730183]},"properties":{"devicedb_id":"209","location_name":"DEIRA-RTA Parking Naif 01","location_address":"RTA, Dubai, United Arab Emirates","totalnbofconnectors":"2","connectortype":"62196-2 (Three Phase) , 62196-2 (Three Phase)"}},{"type":"Feature","id":"10400","geometry":{"type":"Point","coordinates":[55.1066653,25.0290891]},"properties":{"devicedb_id":"10400","location_name":"J.ALI-Festival Plaza,IKEA Parking-2","location_address":"Jebel Ali Village, Dubai, United Arab Emirates","totalnbofconnectors":"1","connectortype":"62196-2 (Three Phase)"}},{"type":"Feature","id":"10431","geometry":{"type":"Point","coordinates":[55.2411528,25.0859219]},"properties":{"devicedb_id":"10431","location_name":"BUR DUBAI-Al Barsha South 1 Mall-2  (Right side)","location_address":"Al Barsha South 1, Dubai, United Arab Emirates","totalnbofconnectors":"1","connectortype":"62196-2 (Three Phase)"}},{"type":"Feature","id":"10384","geometry":{"type":"Point","coordinates":[55.356,25.278]},"properties":{"devicedb_id":"10384","location_name":"DEIRA-Dubai Police HQ-Museum Area -01","location_address":"25.27843, 55.35578, Dubai, United Arab Emirates","totalnbofconnectors":"1","connectortype":"62196-2 (Three Phase)"}},{"type":"Feature","id":"10453","geometry":{"type":"Point","coordinates":[55.324,25.227]},"properties":{"devicedb_id":"10453","location_name":"BUR DUBAI-CIVIL DEFENSE MANARA.","location_address":"Dubai, United Arab Emirates","totalnbofconnectors":"2","connectortype":"62196-2 (Three Phase) , 62196-2 (Three Phase)"}},{"type":"Feature","id":"291","geometry":{"type":"Point","coordinates":[55.311874,25.2562361]},"properties":{"devicedb_id":"291","location_name":"BUR DUBAI-Meraas","location_address":"Al Seef, Dubai, United Arab Emirates","totalnbofconnectors":"2","connectortype":"62196-2 (Three Phase) , 62196-2 (Three Phase)"}},{"type":"Feature","id":"321","geometry":{"type":"Point","coordinates":[55.202,25.118]},"properties":{"devicedb_id":"321","location_name":"BUR DUBAI-Emirates Mall-level3 Parking-C6 (Left side)","location_address":"Emirates Mall, Dubai, United Arab Emirates","totalnbofconnectors":"1","connectortype":"62196-2 (Three Phase)"}},{"type":"Feature","id":"171","geometry":{"type":"Point","coordinates":[55.0062101,24.9265523]},"properties":{"devicedb_id":"171","location_name":"J.ALI-EPPCO Petrol Station (61) Jebal Ali E11","location_address":"ENOC, Dubai, United Arab Emirates","totalnbofconnectors":"3","connectortype":"Combo CCS , ChaDeMo , 62196-2 (Three Phase)"}},{"type":"Feature","id":"10557","geometry":{"type":"Point","coordinates":[55.4013073,25.089298]},"properties":{"devicedb_id":"10557","location_name":"Protocol Department","location_address":"Ruwaiyyah, Dubai, United Arab Emirates","totalnbofconnectors":"3","connectortype":"62196-2 (Three Phase) , Combined ChaDeMo/ComboCCS , Combined ChaDeMo/C"}},{"type":"Feature","id":"10397","geometry":{"type":"Point","coordinates":[55.1499546,25.0898563]},"properties":{"devicedb_id":"10397","location_name":"J-ALI-Marina Arcade Tower","location_address":"Dubai, United Arab Emirates","totalnbofconnectors":"2","connectortype":"62196-2 (Three Phase) , 62196-2 (Three Phase)"}},{"type":"Feature","id":"261","geometry":{"type":"Point","coordinates":[55.2871011,25.221608]},"properties":{"devicedb_id":"261","location_name":"BUR DUBAI-DWTC - Sh:Rashid Hall Multistory Parking, 3rd  floor","location_address":"Dubai, United Arab Emirates","totalnbofconnectors":"1","connectortype":"62196-2 (Three Phase)"}},{"type":"Feature","id":"10385","geometry":{"type":"Point","coordinates":[55.356,25.278]},"properties":{"devicedb_id":"10385","location_name":"DEIRA-Dubai Police HQ-Museum Area -02","location_address":"25.278426, 55.355781, Dubai, United Arab Emirates","totalnbofconnectors":"1","connectortype":"62196-2 (Three Phase)"}},{"type":"Feature","id":"10560","geometry":{"type":"Point","coordinates":[55.3019972,25.2529967]},"properties":{"devicedb_id":"10560","location_name":"BUR DUBAI-Burjuman Basement parking-EV-2","location_address":"Mankhool, Dubai, United Arab Emirates","totalnbofconnectors":"1","connectortype":"62196-2 (Three Phase)"}},{"type":"Feature","id":"10355","geometry":{"type":"Point","coordinates":[55.1952413,25.124069]},"properties":{"devicedb_id":"10355","location_name":"BUR DUBAI-Dubai Police Academy - Gen. Dept. of Training","location_address":"Dubai, United Arab Emirates","totalnbofconnectors":"2","connectortype":"62196-2 (Three Phase) , 62196-2 (Three Phase)"}},{"type":"Feature","id":"185","geometry":{"type":"Point","coordinates":[55.277,25.03]},"properties":{"devicedb_id":"185","location_name":"BUR DUBAI-Sustainable City 05","location_address":"Sustainable City, Dubai, United Arab Emirates","totalnbofconnectors":"2","connectortype":"62196-2 (Three Phase) , 62196-2 (Three Phase)"}},{"type":"Feature","id":"10481","geometry":{"type":"Point","coordinates":[55.296,25.232]},"properties":{"devicedb_id":"10481","location_name":"BUR DUBAI-KIFAF- DUBAI, United Arab Emirates","location_address":"DUBAI, United Arab Emirates","totalnbofconnectors":"2","connectortype":"62196-2 (Three Phase) , 62196-2 (Three Phase)"}},{"type":"Feature","id":"191","geometry":{"type":"Point","coordinates":[55.321,25.285]},"properties":{"devicedb_id":"191","location_name":"DEIRA-Dubai Hospital","location_address":"Dubai Health Authority, Dubai, United Arab Emirates","totalnbofconnectors":"2","connectortype":"62196-2 (Three Phase) , 62196-2 (Three Phase)"}},{"type":"Feature","id":"193","geometry":{"type":"Point","coordinates":[55.369,24.768]},"properties":{"devicedb_id":"193","location_name":"DEIRA-Solar Park 2","location_address":"DEWA, Dubai, United Arab Emirates","totalnbofconnectors":"2","connectortype":"62196-2 (Three Phase) , 62196-2 (Three Phase)"}},{"type":"Feature","id":"233","geometry":{"type":"Point","coordinates":[55.141,25.076]},"properties":{"devicedb_id":"233","location_name":"J.ALI-Dubai Marina Mall 01","location_address":"EMAAR, Dubai, United Arab Emirates","totalnbofconnectors":"1","connectortype":"62196-2 (Three Phase)"}},{"type":"Feature","id":"10411","geometry":{"type":"Point","coordinates":[55.1927341,25.1129636]},"properties":{"devicedb_id":"10411","location_name":"BUR DUBAI-Grand Cosmopolitan Hotel","location_address":"17 A Street, Al Barsha 1,  Dubai, United Arab Emirates","totalnbofconnectors":"2","connectortype":"62196-2 (Three Phase) , 62196-2 (Three Phase)"}},{"type":"Feature","id":"238","geometry":{"type":"Point","coordinates":[55.1584916,24.8851474]},"properties":{"devicedb_id":"238","location_name":"DEIRA-Dubai Airport  Terminal 1 Departure","location_address":"Dubai Airport, Dubai, United Arab Emirates","totalnbofconnectors":"2","connectortype":"62196-2 (Three Phase) , 62196-2 (Three Phase)"}},{"type":"Feature","id":"10540","geometry":{"type":"Point","coordinates":[55.1900944,25.0368663]},"properties":{"devicedb_id":"10540","location_name":"PUBLISHING PAVLION,MEASEM","location_address":"IMPZ, Dubai, United Arab Emirates","totalnbofconnectors":"2","connectortype":"62196-2 (Three Phase) , 62196-2 (Three Phase)"}},{"type":"Feature","id":"10538","geometry":{"type":"Point","coordinates":[55.129,25.063]},"properties":{"devicedb_id":"10538","location_name":"J.Ali-Bachelor Staff Accomadation, Jebal Ali Gen.stn.","location_address":"Jebal Ali, Dubai, United Arab Emirates","totalnbofconnectors":"2","connectortype":"62196-2 (Three Phase) , 62196-2 (Three Phase)"}},{"type":"Feature","id":"309","geometry":{"type":"Point","coordinates":[55.353725,25.2354524]},"properties":{"devicedb_id":"309","location_name":"DEIRA-Multistory Car Parking,Garhoud-4th Floor (Right side)","location_address":"DM, Dubai, United Arab Emirates","totalnbofconnectors":"1","connectortype":"62196-2 (Three Phase)"}},{"type":"Feature","id":"220","geometry":{"type":"Point","coordinates":[55.307,25.268]},"properties":{"devicedb_id":"220","location_name":"DEIRA-RTA Parking Al Riqqa 01","location_address":"RTA, Dubai, United Arab Emirates","totalnbofconnectors":"2","connectortype":"62196-2 (Three Phase) , 62196-2 (Three Phase)"}},{"type":"Feature","id":"334","geometry":{"type":"Point","coordinates":[55.3727142,25.2599738]},"properties":{"devicedb_id":"334","location_name":"DEIRA-East Building Parking","location_address":"DAFZA, Dubai, United Arab Emirates","totalnbofconnectors":"2","connectortype":"62196-2 (Three Phase) , 62196-2 (Three Phase)"}},{"type":"Feature","id":"192","geometry":{"type":"Point","coordinates":[55.3690993,24.7674327]},"properties":{"devicedb_id":"192","location_name":"DEIRA-Solar Park 1","location_address":"DEWA, Dubai, United Arab Emirates","totalnbofconnectors":"2","connectortype":"62196-2 (Three Phase) , 62196-2 (Three Phase)"}},{"type":"Feature","id":"160","geometry":{"type":"Point","coordinates":[55.23,25.091]},"properties":{"devicedb_id":"160","location_name":"BUR DUBAI-Neighborhood Park -Al Barsha South 1","location_address":"Dubai Municipality, Dubai, United Arab Emirates","totalnbofconnectors":"2","connectortype":"62196-2 (Three Phase) , 62196-2 (Three Phase)"}},{"type":"Feature","id":"10386","geometry":{"type":"Point","coordinates":[55.3555809,25.2783535]},"properties":{"devicedb_id":"10386","location_name":"DEIRA-Dubai Police HQ-Museum Area -03","location_address":"25.278417, 55.355795, Dubai, United Arab Emirates","totalnbofconnectors":"1","connectortype":"62196-2 (Three Phase)"}},{"type":"Feature","id":"353","geometry":{"type":"Point","coordinates":[55.1501767,25.0006948]},"properties":{"devicedb_id":"353","location_name":"J.ALI-ADNOC Petrol Station, DIP E311","location_address":"ADNOC, United Arab Emirates","totalnbofconnectors":"3","connectortype":"Combo CCS , ChaDeMo , 62196-2 (Three Phase)"}},{"type":"Feature","id":"10521","geometry":{"type":"Point","coordinates":[55.417034,25.2108694]},"properties":{"devicedb_id":"10521","location_name":"DEIRA-GHUROOB 23A, Mirdiff","location_address":"Dubai, United Arab Emirates","totalnbofconnectors":"2","connectortype":"62196-2 (Three Phase) , 62196-2 (Three Phase)"}},{"type":"Feature","id":"10477","geometry":{"type":"Point","coordinates":[55.347,25.144]},"properties":{"devicedb_id":"10477","location_name":"BUR Dubai-Avenue Mall Parking backside","location_address":"Nad al sheba, Dubai, United Arab Emirates","totalnbofconnectors":"2","connectortype":"62196-2 (Three Phase) , 62196-2 (Three Phase)"}},{"type":"Feature","id":"296","geometry":{"type":"Point","coordinates":[55.25914825,25.23001472]},"properties":{"devicedb_id":"296","location_name":"BUR DUBAI-La Mer","location_address":"Jumeirah, Dubai, United Arab Emirates","totalnbofconnectors":"2","connectortype":"62196-2 (Three Phase) , 62196-2 (Three Phase)"}},{"type":"Feature","id":"221","geometry":{"type":"Point","coordinates":[55.307,25.268]},"properties":{"devicedb_id":"221","location_name":"DEIRA-RTA Parking Al Riqqa 02","location_address":"RTA, Dubai, United Arab Emirates","totalnbofconnectors":"2","connectortype":"62196-2 (Three Phase) , 62196-2 (Three Phase)"}},{"type":"Feature","id":"10556","geometry":{"type":"Point","coordinates":[55.233,25.154]},"properties":{"devicedb_id":"10556","location_name":"BUR DUBAI-Burjuman Basement parking-EV-1","location_address":"Mankhool, Dubai, United Arab Emirates","totalnbofconnectors":"1","connectortype":"62196-2 (Three Phase)"}},{"type":"Feature","id":"195","geometry":{"type":"Point","coordinates":[56.12633,24.8091115]},"properties":{"devicedb_id":"195","location_name":"HATTA","location_address":"DEWA-Customer Service Center, Hatta, United Arab Emirates","totalnbofconnectors":"2","connectortype":"62196-2 (Three Phase) , 62196-2 (Three Phase)"}},{"type":"Feature","id":"10497","geometry":{"type":"Point","coordinates":[55.3059676,25.2729509]},"properties":{"devicedb_id":"10497","location_name":"DIERA-Naif Police Station, Naif","location_address":"Deira, Dubai, United Arab Emirates","totalnbofconnectors":"2","connectortype":"62196-2 (Three Phase) , 62196-2 (Three Phase)"}},{"type":"Feature","id":"10363","geometry":{"type":"Point","coordinates":[55.3259839,25.2240012]},"properties":{"devicedb_id":"10363","location_name":"BUR DUBAI-Dubai Police Officers Club, Jaddaf","location_address":"Dubai, United Arab Emirates","totalnbofconnectors":"2","connectortype":"62196-2 (Three Phase) , 62196-2 (Three Phase)"}},{"type":"Feature","id":"10579","geometry":{"type":"Point","coordinates":[55.1074,25.0476]},"properties":{"devicedb_id":"10579","location_name":"M -Station EMD Workshop, JEBAL ALI GENERATION PLANT","location_address":"Jeabal Ali, Dubai, United Arab Emirates","totalnbofconnectors":"2","connectortype":"62196-2 (Three Phase) , 62196-2 (Three Phase)"}},{"type":"Feature","id":"10568","geometry":{"type":"Point","coordinates":[55.4184181,25.2794578]},"properties":{"devicedb_id":"10568","location_name":"DTC MuhaisInah Fourth","location_address":"06 MuhaisInah, Dubai, United Arab Emirates","totalnbofconnectors":"2","connectortype":"ComboCCS2 , ComboCCS2"}},{"type":"Feature","id":"10558","geometry":{"type":"Point","coordinates":[55.3019999,25.2529999]},"properties":{"devicedb_id":"10558","location_name":"Bur Dubai Burjuman Basement parking-EV-4","location_address":"Mankhool, Dubai, United Arab Emirates","totalnbofconnectors":"1","connectortype":"62196-2 (Three Phase)"}},{"type":"Feature","id":"202","geometry":{"type":"Point","coordinates":[55.49463676,25.14875964]},"properties":{"devicedb_id":"202","location_name":"DEIRA-Asset Rehabilitation Center -Ruwaiyah","location_address":"DEWA, Dubai, United Arab Emirates","totalnbofconnectors":"1","connectortype":"62196-2 (Three Phase)"}},{"type":"Feature","id":"10544","geometry":{"type":"Point","coordinates":[55.250054,25.0421291]},"properties":{"devicedb_id":"10544","location_name":"DSC-Commercial office bldg","location_address":"Hebia, Dubai, United Arab Emirates","totalnbofconnectors":"2","connectortype":"62196-2 (Three Phase) , 62196-2 (Three Phase)"}},{"type":"Feature","id":"227","geometry":{"type":"Point","coordinates":[55.1696059,25.1005662]},"properties":{"devicedb_id":"227","location_name":"J.ALII-BCT GreenParking","location_address":"GreenParking, Dubai, United Arab Emirates","totalnbofconnectors":"1","connectortype":"62196-2 (Three Phase)"}},{"type":"Feature","id":"327","geometry":{"type":"Point","coordinates":[55.1420327,25.1147506]},"properties":{"devicedb_id":"327","location_name":"J.ALI-Club Vista Mare","location_address":"Palm Jumeirah, Dubai, United Arab Emirates","totalnbofconnectors":"2","connectortype":"62196-2 (Three Phase) , 62196-2 (Three Phase)"}},{"type":"Feature","id":"156","geometry":{"type":"Point","coordinates":[55.492,25.149]},"properties":{"devicedb_id":"156","location_name":"DEIRA-Rowaiyah -Green Garage 04","location_address":"DEWA, Dubai, United Arab Emirates","totalnbofconnectors":"2","connectortype":"62196-2 (Three Phase) , 62196-2 (Three Phase)"}},{"type":"Feature","id":"10574","geometry":{"type":"Point","coordinates":[55.4184181,25.2794578]},"properties":{"devicedb_id":"10574","location_name":"DTC MuhaisInah Fourth","location_address":"12 MuhaisInah, Dubai, United Arab Emirates","totalnbofconnectors":"2","connectortype":"ComboCCS2 , ComboCCS2"}},{"type":"Feature","id":"10486","geometry":{"type":"Point","coordinates":[55.2869947,25.2230011]},"properties":{"devicedb_id":"10486","location_name":"BUR DUBAI DWTC Sh:Rashid Hall Multistory Parking,Basement","location_address":"Sh.Zayed Road, Sh.Zayed Road, United Arab Emirates","totalnbofconnectors":"2","connectortype":"62196-2 (Three Phase) , 62196-2 (Three Phase)"}},{"type":"Feature","id":"319","geometry":{"type":"Point","coordinates":[55.201,25.117]},"properties":{"devicedb_id":"319","location_name":"BUR DUBAI-Emirates Mall-level2 Parking-C8 (Middle)","location_address":"Emirates Mall, Dubai, United Arab Emirates","totalnbofconnectors":"1","connectortype":"62196-2 (Three Phase)"}},{"type":"Feature","id":"348","geometry":{"type":"Point","coordinates":[55.436,25.174]},"properties":{"devicedb_id":"348","location_name":"DIERA","location_address":"ENOC -WARQA 4(1043), Dubai, United Arab Emirates","totalnbofconnectors":"2","connectortype":"62196-2 (Three Phase) , 62196-2 (Three Phase)"}},{"type":"Feature","id":"10484","geometry":{"type":"Point","coordinates":[55.2189995,24.936001]},"properties":{"devicedb_id":"10484","location_name":"J.ALI-Enoc service station-1666/521","location_address":"Madinat Al Mattar, Dubai, United Arab Emirates","totalnbofconnectors":"3","connectortype":"62196-2 (Three Phase) , Combined ChaDeMo/ComboCCS , Combined ChaDeMo/C"}},{"type":"Feature","id":"10578","geometry":{"type":"Point","coordinates":[55.11047,25.04898]},"properties":{"devicedb_id":"10578","location_name":"L- Station MMD Workshop, JEBAL ALI GENERATION PLANT","location_address":"Jeabal Ali, Dubai, United Arab Emirates","totalnbofconnectors":"2","connectortype":"62196-2 (Three Phase) , 62196-2 (Three Phase)"}},{"type":"Feature","id":"281","geometry":{"type":"Point","coordinates":[55.2139504,25.078628]},"properties":{"devicedb_id":"281","location_name":"BUR DUBAI-Dubai Police Al Barsha Branch 2","location_address":"Dubai, United Arab Emirates","totalnbofconnectors":"2","connectortype":"62196-2 (Three Phase) , 62196-2 (Three Phase)"}},{"type":"Feature","id":"166","geometry":{"type":"Point","coordinates":[55.3186043,25.2448295]},"properties":{"devicedb_id":"166","location_name":"BUR DUBAI-Rashid Hospital","location_address":"Dubai Health Authority, Dubai, United Arab Emirates","totalnbofconnectors":"2","connectortype":"62196-2 (Three Phase) , 62196-2 (Three Phase)"}},{"type":"Feature","id":"10382","geometry":{"type":"Point","coordinates":[55.357,25.277]},"properties":{"devicedb_id":"10382","location_name":"DEIRA-Dubai Police HQ-Decision Support Area -02 - Dubai","location_address":"Dubai, United Arab Emirates","totalnbofconnectors":"1","connectortype":"62196-2 (Three Phase)"}},{"type":"Feature","id":"10454","geometry":{"type":"Point","coordinates":[55.2912943,25.2349038]},"properties":{"devicedb_id":"10454","location_name":"BUR DUBAI-General Directorate- Residency & Foriegn Affairs","location_address":"Jafilia, Dubai, United Arab Emirates","totalnbofconnectors":"2","connectortype":"62196-2 (Three Phase) , 62196-2 (Three Phase)"}},{"type":"Feature","id":"10443","geometry":{"type":"Point","coordinates":[55.3766553,25.1185892]},"properties":{"devicedb_id":"10443","location_name":"DEIRA-Dubai Digital Park-F building Parking","location_address":"DSO, Dubai, United Arab Emirates","totalnbofconnectors":"2","connectortype":"62196-2 (Three Phase) , 62196-2 (Three Phase)"}},{"type":"Feature","id":"10451","geometry":{"type":"Point","coordinates":[55.391,25.265]},"properties":{"devicedb_id":"10451","location_name":"DEIRA-Dubai Civil Defense Workshop","location_address":"Ghusais, Dubai, United Arab Emirates","totalnbofconnectors":"2","connectortype":"62196-2 (Three Phase) , 62196-2 (Three Phase)"}},{"type":"Feature","id":"10559","geometry":{"type":"Point","coordinates":[55.266,25.224]},"properties":{"devicedb_id":"10559","location_name":"Bur Dubai-Adnoc service station, Al Bada-537","location_address":"Al Bada, Dubai, United Arab Emirates","totalnbofconnectors":"2","connectortype":"Combined ChaDeMo/ComboCCS , 62196-2 (Three Phase)"}},{"type":"Feature","id":"299","geometry":{"type":"Point","coordinates":[55.131,25.065]},"properties":{"devicedb_id":"299","location_name":"J.ALI-Moro Hub, Data Center-Basement Parking","location_address":"Jabel Ali, Dubai, United Arab Emirates","totalnbofconnectors":"2","connectortype":"62196-2 (Three Phase) , 62196-2 (Three Phase)"}},{"type":"Feature","id":"10452","geometry":{"type":"Point","coordinates":[55.335,25.298]},"properties":{"devicedb_id":"10452","location_name":"DEIRA-Dubai Civil Defense Fire Station","location_address":"Hamariya Deira, Dubai, United Arab Emirates","totalnbofconnectors":"2","connectortype":"62196-2 (Three Phase) , 62196-2 (Three Phase)"}},{"type":"Feature","id":"187","geometry":{"type":"Point","coordinates":[55.0898728,24.9870692]},"properties":{"devicedb_id":"187","location_name":"J.ALI-JAFZA Location 01","location_address":"JAFZA, Dubai, United Arab Emirates","totalnbofconnectors":"2","connectortype":"62196-2 (Three Phase) , 62196-2 (Three Phase)"}},{"type":"Feature","id":"306","geometry":{"type":"Point","coordinates":[55.3693891,24.768985]},"properties":{"devicedb_id":"306","location_name":"DEIRA-R&D DEWA","location_address":"Dubai, United Arab Emirates","totalnbofconnectors":"2","connectortype":"62196-2 (Three Phase) , 62196-2 (Three Phase)"}},{"type":"Feature","id":"351","geometry":{"type":"Point","coordinates":[55.4243621,25.1741691]},"properties":{"devicedb_id":"351","location_name":"DEIRA-Dragon Mart 2","location_address":"Dubai, United Arab Emirates","totalnbofconnectors":"2","connectortype":"62196-2 (Three Phase) , 62196-2 (Three Phase)"}},{"type":"Feature","id":"352","geometry":{"type":"Point","coordinates":[55.3846891,25.2273382]},"properties":{"devicedb_id":"352","location_name":"DEIRA-Dubai Police, Rashidiya Police Station","location_address":"Dubai, United Arab Emirates","totalnbofconnectors":"2","connectortype":"62196-2 (Three Phase) , 62196-2 (Three Phase)"}},{"type":"Feature","id":"10522","geometry":{"type":"Point","coordinates":[55.418977,25.212252]},"properties":{"devicedb_id":"10522","location_name":"DEIRA-GHUROOB 32A, Mirdif","location_address":"Dubai, United Arab Emirates","totalnbofconnectors":"2","connectortype":"62196-2 (Three Phase) , 62196-2 (Three Phase)"}},{"type":"Feature","id":"10396","geometry":{"type":"Point","coordinates":[55.1626596,24.9902449]},"properties":{"devicedb_id":"10396","location_name":"J.ALI-Emicool - Plant 3","location_address":"Greens-DIP, Dubai, United Arab Emirates","totalnbofconnectors":"2","connectortype":"62196-2 (Three Phase) , 62196-2 (Three Phase)"}},{"type":"Feature","id":"10469","geometry":{"type":"Point","coordinates":[55.2286221,25.15834113]},"properties":{"devicedb_id":"10469","location_name":"BUR DUBAI-Al Wasl Experience Center","location_address":"Al Safa-2, Dubai, United Arab Emirates","totalnbofconnectors":"2","connectortype":"62196-2 (Three Phase) , 62196-2 (Three Phase)"}},{"type":"Feature","id":"276","geometry":{"type":"Point","coordinates":[55.2844172,25.2017618]},"properties":{"devicedb_id":"276","location_name":"BUR DUBAI-Zabeel Health Center","location_address":"Dubai, United Arab Emirates","totalnbofconnectors":"2","connectortype":"62196-2 (Three Phase) , 62196-2 (Three Phase)"}},{"type":"Feature","id":"237","geometry":{"type":"Point","coordinates":[55.298,25.189]},"properties":{"devicedb_id":"237","location_name":"BUR DUBAI- Dubai Design District (D3) 01","location_address":"Tecom, Dubai, United Arab Emirates","totalnbofconnectors":"2","connectortype":"62196-2 (Three Phase) , 62196-2 (Three Phase)"}},{"type":"Feature","id":"10381","geometry":{"type":"Point","coordinates":[55.3565756,25.2767142]},"properties":{"devicedb_id":"10381","location_name":"DEIRA-Dubai Police HQ-Decision Support Area -01","location_address":"Dubai, United Arab Emirates","totalnbofconnectors":"1","connectortype":"62196-2 (Three Phase)"}},{"type":"Feature","id":"10423","geometry":{"type":"Point","coordinates":[55.15899396,24.9610823]},"properties":{"devicedb_id":"10423","location_name":"J.ALI.ENOC Petrol Station (2020) Expo Site 02","location_address":"ENOC, Dubai, United Arab Emirates","totalnbofconnectors":"3","connectortype":"Combo CCS , ChaDeMo , 62196-2 (Three Phase)"}},{"type":"Feature","id":"208","geometry":{"type":"Point","coordinates":[55.3043093,25.2682346]},"properties":{"devicedb_id":"208","location_name":"DEIRA-RTA Parking New Subkhah 01","location_address":"RTA, Dubai, United Arab Emirates","totalnbofconnectors":"2","connectortype":"62196-2 (Three Phase) , 62196-2 (Three Phase)"}},{"type":"Feature","id":"10388","geometry":{"type":"Point","coordinates":[55.343181,25.221003]},"properties":{"devicedb_id":"10388","location_name":"BUR DUBAI-Mohammed bin Rashid Library,Front Parking","location_address":"Jedaf, Dubai, United Arab Emirates","totalnbofconnectors":"2","connectortype":"62196-2 (Three Phase) , 62196-2 (Three Phase)"}},{"type":"Feature","id":"155","geometry":{"type":"Point","coordinates":[55.273,25.198]},"properties":{"devicedb_id":"155","location_name":"BUR DUBAI-Burj Khalifa/Armani","location_address":"EMAAR, Dubai, United Arab Emirates","totalnbofconnectors":"2","connectortype":"62196-2 (Three Phase) , 62196-2 (Three Phase)"}},{"type":"Feature","id":"10357","geometry":{"type":"Point","coordinates":[55.3294983,25.270115]},"properties":{"devicedb_id":"10357","location_name":"DEIRA-Dubai Police, Muraqqabat Police Station","location_address":"Dubai, United Arab Emirates","totalnbofconnectors":"2","connectortype":"62196-2 (Three Phase) , 62196-2 (Three Phase)"}},{"type":"Feature","id":"10466","geometry":{"type":"Point","coordinates":[55.361,24.757]},"properties":{"devicedb_id":"10466","location_name":"DEIRA-Solar Innovation Center-03","location_address":"Dubai, United Arab Emirates","totalnbofconnectors":"2","connectortype":"62196-2 (Three Phase) , 62196-2 (Three Phase)"}},{"type":"Feature","id":"10548","geometry":{"type":"Point","coordinates":[55.3553923,25.2348742]},"properties":{"devicedb_id":"10548","location_name":"RTA office","location_address":"Garhoud, Dubai, United Arab Emirates","totalnbofconnectors":"2","connectortype":"62196-2 (Three Phase) , 62196-2 (Three Phase)"}},{"type":"Feature","id":"198","geometry":{"type":"Point","coordinates":[55.372,25.114]},"properties":{"devicedb_id":"198","location_name":"DEIRA-Dubai Silicon Oasis 7 Towers","location_address":"Dubai Silicon Oasis, United Arab Emirates","totalnbofconnectors":"2","connectortype":"62196-2 (Three Phase) , 62196-2 (Three Phase)"}},{"type":"Feature","id":"10545","geometry":{"type":"Point","coordinates":[55.1678638,25.1035428]},"properties":{"devicedb_id":"10545","location_name":"DPG HQ, Al Safouh","location_address":"Dubai, United Arab Emirates","totalnbofconnectors":"2","connectortype":"62196-2 (Three Phase) , 62196-2 (Three Phase)"}},{"type":"Feature","id":"260","geometry":{"type":"Point","coordinates":[55.2870821,25.2216187]},"properties":{"devicedb_id":"260","location_name":"BUR DUBAI-DWTC - Sh:Rashid Hall  Multistory Parking,Basement","location_address":"Dubai, United Arab Emirates","totalnbofconnectors":"1","connectortype":"62196-2 (Three Phase)"}},{"type":"Feature","id":"349","geometry":{"type":"Point","coordinates":[55.2656103,25.2620475]},"properties":{"devicedb_id":"349","location_name":"BUR DUBAI-Dubai Maritime City Head Quarters","location_address":"Port Rashid, Dubai, United Arab Emirates","totalnbofconnectors":"2","connectortype":"62196-2 (Three Phase) , 62196-2 (Three Phase)"}},{"type":"Feature","id":"10553","geometry":{"type":"Point","coordinates":[55.302,25.252]},"properties":{"devicedb_id":"10553","location_name":"BUR DUBAI-Burjuman Ground parking-EV-2","location_address":"Mankhool, Dubai, United Arab Emirates","totalnbofconnectors":"1","connectortype":"62196-2 (Three Phase)"}},{"type":"Feature","id":"10364","geometry":{"type":"Point","coordinates":[55.5030926,25.1501611]},"properties":{"devicedb_id":"10364","location_name":"DEIRA-Dubai Courts, Rowaiyah-3","location_address":"Dubai, United Arab Emirates","totalnbofconnectors":"2","connectortype":"62196-2 (Three Phase) , 62196-2 (Three Phase)"}},{"type":"Feature","id":"284","geometry":{"type":"Point","coordinates":[55.253,25.217]},"properties":{"devicedb_id":"284","location_name":"BUR DUBAI-Mercato Shopping Mall","location_address":"Basement Parking, Dubai, United Arab Emirates","totalnbofconnectors":"2","connectortype":"62196-2 (Three Phase) , 62196-2 (Three Phase)"}},{"type":"Feature","id":"10440","geometry":{"type":"Point","coordinates":[55.15657429,24.9543192]},"properties":{"devicedb_id":"10440","location_name":"J.ALI-Expo 2020 Sustainability Parking-04","location_address":"Dubai, United Arab Emirates","totalnbofconnectors":"2","connectortype":"62196-2 (Three Phase) , 62196-2 (Three Phase)"}},{"type":"Feature","id":"215","geometry":{"type":"Point","coordinates":[55.1154781,25.0415418]},"properties":{"devicedb_id":"215","location_name":"J.Ali-Movenpick hotel","location_address":"Seven Tides, Dubai, United Arab Emirates","totalnbofconnectors":"2","connectortype":"62196-2 (Three Phase) , 62196-2 (Three Phase)"}},{"type":"Feature","id":"10420","geometry":{"type":"Point","coordinates":[55.294,25.234]},"properties":{"devicedb_id":"10420","location_name":"BUR DUBAI-Wasl Kifaf Development Ph1, Tower-3, Basement1, Parking-19","location_address":"Dubai, United Arab Emirates","totalnbofconnectors":"1","connectortype":"62196-2 (Three Phase)"}},{"type":"Feature","id":"10572","geometry":{"type":"Point","coordinates":[55.4184181,25.2794578]},"properties":{"devicedb_id":"10572","location_name":"DTC MuhaisInah Fourth","location_address":"10 MuhaisInah, Dubai, United Arab Emirates","totalnbofconnectors":"2","connectortype":"ComboCCS2 , ComboCCS2"}},{"type":"Feature","id":"10410","geometry":{"type":"Point","coordinates":[55.108,25.028]},"properties":{"devicedb_id":"10410","location_name":"J.ALI-Festival Plaza,Entertaintment Parking-2","location_address":"Jebel Ali Village, Dubai, United Arab Emirates","totalnbofconnectors":"1","connectortype":"62196-2 (Three Phase)"}},{"type":"Feature","id":"10422","geometry":{"type":"Point","coordinates":[55.5539075,25.1763418]},"properties":{"devicedb_id":"10422","location_name":"DEIRA-Dewa Well Field Office-02 (Right Side)","location_address":"Al Aweer, United Arab Emirates","totalnbofconnectors":"2","connectortype":"62196-2 (Three Phase) , 62196-2 (Three Phase)"}},{"type":"Feature","id":"173","geometry":{"type":"Point","coordinates":[55.32371,25.226801]},"properties":{"devicedb_id":"173","location_name":"BUR DUBAI-Main Office Customer Service Center 03 - Dewa, Dubai, United Arab Emirates","location_address":"Dubai, United Arab Emirates","totalnbofconnectors":"2","connectortype":"62196-2 (Three Phase) , 62196-2 (Three Phase)"}},{"type":"Feature","id":"10460","geometry":{"type":"Point","coordinates":[55.1414308,24.9529699]},"properties":{"devicedb_id":"10460","location_name":"J.ALI-Expo 2020 Mobility Parking-05","location_address":"Dubai, United Arab Emirates","totalnbofconnectors":"2","connectortype":"62196-2 (Three Phase) , 62196-2 (Three Phase)"}},{"type":"Feature","id":"287","geometry":{"type":"Point","coordinates":[55.3880558,25.0961495]},"properties":{"devicedb_id":"287","location_name":"DEIRA","location_address":"Ruwaiyah-Ministry of Climate Change and Environment-Frontside Parking, Dubai, United Arab Emirates","totalnbofconnectors":"2","connectortype":"62196-2 (Three Phase) , 62196-2 (Three Phase)"}},{"type":"Feature","id":"285","geometry":{"type":"Point","coordinates":[55.388,25.096]},"properties":{"devicedb_id":"285","location_name":"DEIRA","location_address":"Ruwaiyah-Ministry of Climate Change and Environment-Backside Parking, Dubai, United Arab Emirates","totalnbofconnectors":"2","connectortype":"62196-2 (Three Phase) , 62196-2 (Three Phase)"}},{"type":"Feature","id":"234","geometry":{"type":"Point","coordinates":[55.141,25.076]},"properties":{"devicedb_id":"234","location_name":"J.ALI-Dubai Marina Mall 02","location_address":"EMAAR, Dubai, United Arab Emirates","totalnbofconnectors":"1","connectortype":"62196-2 (Three Phase)"}},{"type":"Feature","id":"250","geometry":{"type":"Point","coordinates":[55.492031,25.1487405]},"properties":{"devicedb_id":"250","location_name":"DEIRA","location_address":"DEWA-Rowaiyah -Green Garage 03, Dubai, United Arab Emirates","totalnbofconnectors":"2","connectortype":"62196-2 (Three Phase) , 62196-2 (Three Phase)"}},{"type":"Feature","id":"10534","geometry":{"type":"Point","coordinates":[55.4347901,25.2159633]},"properties":{"devicedb_id":"10534","location_name":"DEIRA-SHUROOQ (NEAR PK 6835), MIRDIF","location_address":"Dubai, United Arab Emirates","totalnbofconnectors":"2","connectortype":"62196-2 (Three Phase) , 62196-2 (Three Phase)"}},{"type":"Feature","id":"313","geometry":{"type":"Point","coordinates":[55.2879446,25.2274083]},"properties":{"devicedb_id":"313","location_name":"BUR DUBAI-DWTC - Sh Rashid Tower Parking -02","location_address":"DWTC, Dubai, United Arab Emirates","totalnbofconnectors":"1","connectortype":"62196-2 (Three Phase)"}},{"type":"Feature","id":"254","geometry":{"type":"Point","coordinates":[55.447,25.177]},"properties":{"devicedb_id":"254","location_name":"DEIRA-Dubai Safari Park 1","location_address":"Dubai, United Arab Emirates","totalnbofconnectors":"2","connectortype":"62196-2 (Three Phase) , 62196-2 (Three Phase)"}},{"type":"Feature","id":"295","geometry":{"type":"Point","coordinates":[55.355,25.234]},"properties":{"devicedb_id":"295","location_name":"DEIRA","location_address":"Al Ramool-RTA HQ Multistory Car Park-Ground Floor, Dubai, United Arab Emirates","totalnbofconnectors":"2","connectortype":"62196-2 (Three Phase) , 62196-2 (Three Phase)"}},{"type":"Feature","id":"322","geometry":{"type":"Point","coordinates":[55.202,25.118]},"properties":{"devicedb_id":"322","location_name":"BUR DUBAI-Emirates mall","location_address":"Emirates Mall, Dubai, United Arab Emirates","totalnbofconnectors":"1","connectortype":"62196-2 (Three Phase)"}},{"type":"Feature","id":"286","geometry":{"type":"Point","coordinates":[55.2899246,25.2241704]},"properties":{"devicedb_id":"286","location_name":"BUR DUBAI-DWTC - Sh:Rashid Hall Multistory Parking, Basement","location_address":"Dubai, United Arab Emirates","totalnbofconnectors":"1","connectortype":"62196-2 (Three Phase)"}},{"type":"Feature","id":"10464","geometry":{"type":"Point","coordinates":[55.363,24.757]},"properties":{"devicedb_id":"10464","location_name":"DEIRA-Solar Innovation Center-01","location_address":"Dubai, United Arab Emirates","totalnbofconnectors":"2","connectortype":"62196-2 (Three Phase) , 62196-2 (Three Phase)"}},{"type":"Feature","id":"10479","geometry":{"type":"Point","coordinates":[55.47128807,25.14562475]},"properties":{"devicedb_id":"10479","location_name":"DEIRA-Fly Dubai HQ - 02 (Right side)","location_address":"Warsan 3, Dubai, United Arab Emirates","totalnbofconnectors":"2","connectortype":"62196-2 (Three Phase) , 62196-2 (Three Phase)"}},{"type":"Feature","id":"219","geometry":{"type":"Point","coordinates":[55.2644704,25.2096466]},"properties":{"devicedb_id":"219","location_name":"BUR DUBAI-Dubai Petroleum 02","location_address":"Dubai Supreme Council of Energy, Dubai, United Arab Emirates","totalnbofconnectors":"1","connectortype":"62196-2 (Three Phase)"}},{"type":"Feature","id":"10390","geometry":{"type":"Point","coordinates":[55.3117999,25.2395504]},"properties":{"devicedb_id":"10390","location_name":"BUR DUBAI-Al Maktoum Stadium","location_address":"Oud Metha, Dubai, United Arab Emirates","totalnbofconnectors":"2","connectortype":"62196-2 (Three Phase) , 62196-2 (Three Phase)"}},{"type":"Feature","id":"10525","geometry":{"type":"Point","coordinates":[55.4200008,25.2099999]},"properties":{"devicedb_id":"10525","location_name":"DEIRA-GHUROOB 4A, Mirdif","location_address":"Dubai, United Arab Emirates","totalnbofconnectors":"2","connectortype":"62196-2 (Three Phase) , 62196-2 (Three Phase)"}},{"type":"Feature","id":"10447","geometry":{"type":"Point","coordinates":[55.3778412,25.11997671]},"properties":{"devicedb_id":"10447","location_name":"DEIRA-Dubai Digital Park-A5 building Parking","location_address":"DSO, Dubai, United Arab Emirates","totalnbofconnectors":"2","connectortype":"62196-2 (Three Phase) , 62196-2 (Three Phase)"}},{"type":"Feature","id":"315","geometry":{"type":"Point","coordinates":[55.28982053,25.22078588]},"properties":{"devicedb_id":"315","location_name":"BUR DUBAI-New  Parking Happiness Street -01","location_address":"DWTC, Dubai, United Arab Emirates","totalnbofconnectors":"2","connectortype":"62196-2 (Three Phase) , 62196-2 (Three Phase)"}},{"type":"Feature","id":"248","geometry":{"type":"Point","coordinates":[55.2694962,25.2415736]},"properties":{"devicedb_id":"248","location_name":"BUR DUBAI-Etihad Museum","location_address":"Dubai, United Arab Emirates","totalnbofconnectors":"2","connectortype":"62196-2 (Three Phase) , 62196-2 (Three Phase)"}},{"type":"Feature","id":"239","geometry":{"type":"Point","coordinates":[55.282,25.244]},"properties":{"devicedb_id":"239","location_name":"BUR DUBAI-Al Hudaiba Customer Services Center 02","location_address":"United Arab Emirates","totalnbofconnectors":"2","connectortype":"62196-2 (Three Phase) , 62196-2 (Three Phase)"}},{"type":"Feature","id":"161","geometry":{"type":"Point","coordinates":[55.312,25.264]},"properties":{"devicedb_id":"161","location_name":"DEIRA","location_address":"Dubai Municipality 01, Dubai, United Arab Emirates","totalnbofconnectors":"2","connectortype":"62196-2 (Three Phase) , 62196-2 (Three Phase)"}},{"type":"Feature","id":"339","geometry":{"type":"Point","coordinates":[55.153,25.025]},"properties":{"devicedb_id":"339","location_name":"J.ALI-Al Furjan Pavilion","location_address":"Dubai, United Arab Emirates","totalnbofconnectors":"2","connectortype":"62196-2 (Three Phase) , 62196-2 (Three Phase)"}},{"type":"Feature","id":"10503","geometry":{"type":"Point","coordinates":[55.4069998,24.9660004]},"properties":{"devicedb_id":"10503","location_name":"DEIRA-Adnoc service station, Akoya, Yufra","location_address":"Jebal Ali-Habab Rd, Dubai, United Arab Emirates","totalnbofconnectors":"3","connectortype":"62196-2 (Three Phase) , Combined ChaDeMo/ComboCCS , Combined ChaDeMo/C"}},{"type":"Feature","id":"10489","geometry":{"type":"Point","coordinates":[55.284795,25.2232072]},"properties":{"devicedb_id":"10489","location_name":"BUR DUBAI DWTC Apartment B Block, Trade centre","location_address":"Sh.Zayed Road, 25.2232072, 55.284795, Dubai, United Arab Emirates","totalnbofconnectors":"2","connectortype":"62196-2 (Three Phase) , 62196-2 (Three Phase)"}},{"type":"Feature","id":"204","geometry":{"type":"Point","coordinates":[55.18581,25.1332688]},"properties":{"devicedb_id":"204","location_name":"J ALI-Madinat Jumeirah","location_address":"Jumeirah Group, Dubai, United Arab Emirates","totalnbofconnectors":"2","connectortype":"62196-2 (Three Phase) , 62196-2 (Three Phase)"}},{"type":"Feature","id":"10471","geometry":{"type":"Point","coordinates":[55.5989989,25.0319997]},"properties":{"devicedb_id":"10471","location_name":"DEIRA-New Police Station, Lehbab (Left side)","location_address":"Dubai, United Arab Emirates","totalnbofconnectors":"2","connectortype":"62196-2 (Three Phase) , 62196-2 (Three Phase)"}},{"type":"Feature","id":"10418","geometry":{"type":"Point","coordinates":[55.103226,25.0244335]},"properties":{"devicedb_id":"10418","location_name":"J.ALI-Al Wasl Gate","location_address":"Jebel Ali Village, Dubai, United Arab Emirates","totalnbofconnectors":"2","connectortype":"62196-2 (Three Phase) , 62196-2 (Three Phase)"}},{"type":"Feature","id":"113","geometry":{"type":"Point","coordinates":[55.323,25.226]},"properties":{"devicedb_id":"113","location_name":"BUR DUBAI-Dewa Head Office, Umm Hurair","location_address":"DEWA, Dubai, United Arab Emirates","totalnbofconnectors":"2","connectortype":"Combined ChaDeMo/ComboCCS , 62196-2 (Three Phase)"}},{"type":"Feature","id":"10365","geometry":{"type":"Point","coordinates":[55.2744919,25.0028355]},"properties":{"devicedb_id":"10365","location_name":"DEIRA-Mai Dubai Head Quartres - Private","location_address":"Al Yalais-5, Dubai, United Arab Emirates","totalnbofconnectors":"2","connectortype":"62196-2 (Three Phase) , 62196-2 (Three Phase)"}},{"type":"Feature","id":"10474","geometry":{"type":"Point","coordinates":[55.4712343,25.1645754]},"properties":{"devicedb_id":"10474","location_name":"DEIRA-Dubai Ambulance Office(inside parking)","location_address":"Warsan3, Dubai, United Arab Emirates","totalnbofconnectors":"2","connectortype":"62196-2 (Three Phase) , 62196-2 (Three Phase)"}},{"type":"Feature","id":"10462","geometry":{"type":"Point","coordinates":[55.5550739,25.2088079]},"properties":{"devicedb_id":"10462","location_name":"DEIRA-ENOC Petrol Station (1602)","location_address":"Al Awir, Dubai, United Arab Emirates","totalnbofconnectors":"3","connectortype":"62196-2 (Three Phase) , Combined ChaDeMo/ComboCCS , ChaDeMo"}},{"type":"Feature","id":"10463","geometry":{"type":"Point","coordinates":[55.2900243,25.2626521]},"properties":{"devicedb_id":"10463","location_name":"BUR DUBAI-Dubai Police, Al Raffa Police Station","location_address":"Dubai, United Arab Emirates","totalnbofconnectors":"2","connectortype":"62196-2 (Three Phase) , 62196-2 (Three Phase)"}},{"type":"Feature","id":"205","geometry":{"type":"Point","coordinates":[55.3476725,25.2976263]},"properties":{"devicedb_id":"205","location_name":"DEIRA-Mamzar Health Center","location_address":"Dubai Health Authority, Dubai, United Arab Emirates","totalnbofconnectors":"2","connectortype":"62196-2 (Three Phase) , 62196-2 (Three Phase)"}},{"type":"Feature","id":"210","geometry":{"type":"Point","coordinates":[55.305025,25.2730251]},"properties":{"devicedb_id":"210","location_name":"DEIRA-RTA Parking Naif 02","location_address":"RTA, Dubai, United Arab Emirates","totalnbofconnectors":"2","connectortype":"62196-2 (Three Phase) , 62196-2 (Three Phase)"}},{"type":"Feature","id":"10413","geometry":{"type":"Point","coordinates":[55.4997641,25.1555009]},"properties":{"devicedb_id":"10413","location_name":"DEIRA","location_address":"DEWA-Distribution Power  Building-02, Ruwaiya, United Arab Emirates","totalnbofconnectors":"2","connectortype":"62196-2 (Three Phase) , 62196-2 (Three Phase)"}},{"type":"Feature","id":"338","geometry":{"type":"Point","coordinates":[55.118,25.043]},"properties":{"devicedb_id":"338","location_name":"J.ALI-Ibn Battuta Mall Parking 3","location_address":"Dubai, United Arab Emirates","totalnbofconnectors":"2","connectortype":"62196-2 (Three Phase) , 62196-2 (Three Phase)"}},{"type":"Feature","id":"10414","geometry":{"type":"Point","coordinates":[55.111,25.026]},"properties":{"devicedb_id":"10414","location_name":"J.ALI-Al Wasl Gate Villas","location_address":"Jebel Ali Village, Dubai, United Arab Emirates","totalnbofconnectors":"2","connectortype":"62196-2 (Three Phase) , 62196-2 (Three Phase)"}},{"type":"Feature","id":"10456","geometry":{"type":"Point","coordinates":[55.14137843,24.95295949]},"properties":{"devicedb_id":"10456","location_name":"J.ALI-Expo 2020 Mobility Parking-04","location_address":"Dubai, United Arab Emirates","totalnbofconnectors":"2","connectortype":"62196-2 (Three Phase) , 62196-2 (Three Phase)"}},{"type":"Feature","id":"329","geometry":{"type":"Point","coordinates":[55.0111323,24.9135672]},"properties":{"devicedb_id":"329","location_name":"J.ALI-Outlet Village Parking-02 (Right side)","location_address":"MEERAS, Dubai, United Arab Emirates","totalnbofconnectors":"2","connectortype":"62196-2 (Three Phase) , 62196-2 (Three Phase)"}},{"type":"Feature","id":"199","geometry":{"type":"Point","coordinates":[55.434,25.147]},"properties":{"devicedb_id":"199","location_name":"DEIRA-Warsan Office 01","location_address":"DEWA, Dubai, United Arab Emirates","totalnbofconnectors":"2","connectortype":"62196-2 (Three Phase) , 62196-2 (Three Phase)"}},{"type":"Feature","id":"328","geometry":{"type":"Point","coordinates":[55.0106084,24.911985]},"properties":{"devicedb_id":"328","location_name":"J ALI-Outlet Village Parking-01 (Left side)","location_address":"MEERAs, Dubai, United Arab Emirates","totalnbofconnectors":"2","connectortype":"62196-2 (Three Phase) , 62196-2 (Three Phase)"}},{"type":"Feature","id":"218","geometry":{"type":"Point","coordinates":[55.2644592,25.2096336]},"properties":{"devicedb_id":"218","location_name":"BUR DUBAI-Dubai Petroleum 01","location_address":"Dubai Supreme Council of Energy, Dubai, United Arab Emirates","totalnbofconnectors":"1","connectortype":"62196-2 (Three Phase)"}},{"type":"Feature","id":"124","geometry":{"type":"Point","coordinates":[55.2624954,25.1999759]},"properties":{"devicedb_id":"124","location_name":"BUR DUBAI-Al Wasel Customer Service Center","location_address":"DEWA, Dubai, United Arab Emirates","totalnbofconnectors":"2","connectortype":"62196-2 (Three Phase) , 62196-2 (Three Phase)"}},{"type":"Feature","id":"10356","geometry":{"type":"Point","coordinates":[55.4783415,25.1508686]},"properties":{"devicedb_id":"10356","location_name":"Diera -ENOC Petrol Station (1064) Warsan-3","location_address":"Dubai, United Arab Emirates","totalnbofconnectors":"3","connectortype":"Combo CCS , ChaDeMo , 62196-2 (Three Phase)"}},{"type":"Feature","id":"10502","geometry":{"type":"Point","coordinates":[55.1474408,25.002509]},"properties":{"devicedb_id":"10502","location_name":"J.ALI-Adnoc service station, Jebal Ali","location_address":"Jebal Ali, Dubai, United Arab Emirates","totalnbofconnectors":"3","connectortype":"Combo CCS , ChaDeMo , 62196-2 (Three Phase)"}},{"type":"Feature","id":"213","geometry":{"type":"Point","coordinates":[55.192,25.142]},"properties":{"devicedb_id":"213","location_name":"BUR DUBAI-Jumeirah Beach Hotel","location_address":"Jumeirah Group, Dubai, United Arab Emirates","totalnbofconnectors":"2","connectortype":"62196-2 (Three Phase) , 62196-2 (Three Phase)"}},{"type":"Feature","id":"162","geometry":{"type":"Point","coordinates":[55.3121062,25.2644589]},"properties":{"devicedb_id":"162","location_name":"DEIRA","location_address":"Dubai Municipality 02, Dubai, United Arab Emirates","totalnbofconnectors":"2","connectortype":"62196-2 (Three Phase) , 62196-2 (Three Phase)"}},{"type":"Feature","id":"280","geometry":{"type":"Point","coordinates":[55.214,25.078]},"properties":{"devicedb_id":"280","location_name":"BUR DUBAI-Dubai Police Al Barsha Branch 1","location_address":"Dubai, United Arab Emirates","totalnbofconnectors":"2","connectortype":"62196-2 (Three Phase) , 62196-2 (Three Phase)"}},{"type":"Feature","id":"10406","geometry":{"type":"Point","coordinates":[55.108,25.03]},"properties":{"devicedb_id":"10406","location_name":"J.ALI-Festival Plaza,Lulu Parking-2","location_address":"Jebel Ali Village, Dubai, United Arab Emirates","totalnbofconnectors":"1","connectortype":"62196-2 (Three Phase)"}},{"type":"Feature","id":"10412","geometry":{"type":"Point","coordinates":[55.4997763,25.1554959]},"properties":{"devicedb_id":"10412","location_name":"DEIRA-Distribution Power Building-01","location_address":"DEWA, Ruwaiya, United Arab Emirates","totalnbofconnectors":"2","connectortype":"62196-2 (Three Phase) , 62196-2 (Three Phase)"}},{"type":"Feature","id":"10457","geometry":{"type":"Point","coordinates":[55.14122176,24.95292498]},"properties":{"devicedb_id":"10457","location_name":"J.ALI-Expo 2020 Mobility Parking-01","location_address":"Dubai, United Arab Emirates","totalnbofconnectors":"2","connectortype":"62196-2 (Three Phase) , 62196-2 (Three Phase)"}},{"type":"Feature","id":"10476","geometry":{"type":"Point","coordinates":[55.3466974,25.1446073]},"properties":{"devicedb_id":"10476","location_name":"BUR DUBAI-Avenue Mall (Front side Parking)","location_address":"Nad Al Sheba 2, Dubai, United Arab Emirates","totalnbofconnectors":"2","connectortype":"62196-2 (Three Phase) , 62196-2 (Three Phase)"}},{"type":"Feature","id":"10408","geometry":{"type":"Point","coordinates":[55.107578,25.0292568]},"properties":{"devicedb_id":"10408","location_name":"J.ALI-Festival Plaza,Mall Parking-2","location_address":"Jebel Ali Village, Dubai, United Arab Emirates","totalnbofconnectors":"1","connectortype":"62196-2 (Three Phase)"}},{"type":"Feature","id":"298","geometry":{"type":"Point","coordinates":[55.1954993,25.0406034]},"properties":{"devicedb_id":"298","location_name":"J.ALI-City Centre,Meisam - Right side","location_address":"MAF, Dubai, United Arab Emirates","totalnbofconnectors":"2","connectortype":"62196-2 (Three Phase) , 62196-2 (Three Phase)"}},{"type":"Feature","id":"10465","geometry":{"type":"Point","coordinates":[55.362,24.757]},"properties":{"devicedb_id":"10465","location_name":"DEIRA-Solar Innovation Center-02","location_address":"Dubai, United Arab Emirates","totalnbofconnectors":"2","connectortype":"62196-2 (Three Phase) , 62196-2 (Three Phase)"}},{"type":"Feature","id":"163","geometry":{"type":"Point","coordinates":[55.228,25.157]},"properties":{"devicedb_id":"163","location_name":"BUR DUBAI-Manara Center","location_address":"Dubai Municipality, Dubai, United Arab Emirates","totalnbofconnectors":"2","connectortype":"62196-2 (Three Phase) , 62196-2 (Three Phase)"}},{"type":"Feature","id":"10424","geometry":{"type":"Point","coordinates":[55.159,24.961]},"properties":{"devicedb_id":"10424","location_name":"J.ALI-ENOC Petrol Station (2020) Expo Site 01","location_address":"ENOC, dubai, United Arab Emirates","totalnbofconnectors":"2","connectortype":"ComboCCS4 , ChaDeMo"}},{"type":"Feature","id":"182","geometry":{"type":"Point","coordinates":[55.277,25.031]},"properties":{"devicedb_id":"182","location_name":"BUR DUBAI-Sustainable City 02","location_address":"Sustainable City, Dubai, United Arab Emirates","totalnbofconnectors":"2","connectortype":"62196-2 (Three Phase) , 62196-2 (Three Phase)"}},{"type":"Feature","id":"10429","geometry":{"type":"Point","coordinates":[55.284999,25.2209996]},"properties":{"devicedb_id":"10429","location_name":"BUR DUBAI-One Central, C2 Bldg, Basement 3, Level B3","location_address":"Trade Center, Dubai, United Arab Emirates","totalnbofconnectors":"2","connectortype":"62196-2 (Three Phase) , 62196-2 (Three Phase)"}},{"type":"Feature","id":"337","geometry":{"type":"Point","coordinates":[55.1217536,25.0478194]},"properties":{"devicedb_id":"337","location_name":"J.ALI-Ibn Battuta Mall Parking 6","location_address":"Dubai, United Arab Emirates","totalnbofconnectors":"2","connectortype":"62196-2 (Three Phase) , 62196-2 (Three Phase)"}},{"type":"Feature","id":"343","geometry":{"type":"Point","coordinates":[55.313916,25.0640266]},"properties":{"devicedb_id":"343","location_name":"BUR DUBAI-ENOC Petrol Station (1094) Wadi Al Saffa 5","location_address":"ENOC, Dubai, United Arab Emirates","totalnbofconnectors":"2","connectortype":"Combined ChaDeMo/ComboCCS , 62196-2 (Three Phase)"}},{"type":"Feature","id":"303","geometry":{"type":"Point","coordinates":[55.353757,25.2354965]},"properties":{"devicedb_id":"303","location_name":"DEIRA","location_address":"DM-Multistory Car Parking,Garhoud-1st Floor, Dubai, United Arab Emirates","totalnbofconnectors":"2","connectortype":"62196-2 (Three Phase) , 62196-2 (Three Phase)"}},{"type":"Feature","id":"10565","geometry":{"type":"Point","coordinates":[55.4184181,25.2794578]},"properties":{"devicedb_id":"10565","location_name":"DTC MuhaisInah Fourth","location_address":"02 MuhaisInah, Dubai, United Arab Emirates","totalnbofconnectors":"2","connectortype":"ComboCCS2 , ComboCCS2"}},{"type":"Feature","id":"10485","geometry":{"type":"Point","coordinates":[55.35664849,25.23411777]},"properties":{"devicedb_id":"10485","location_name":"DEIRA-RTA Head Quarters,Basement1","location_address":"Ramool, Dubai, United Arab Emirates","totalnbofconnectors":"2","connectortype":"62196-2 (Three Phase) , 62196-2 (Three Phase)"}},{"type":"Feature","id":"10405","geometry":{"type":"Point","coordinates":[55.1078261,25.0300492]},"properties":{"devicedb_id":"10405","location_name":"J.ALI-Festival Plaza,Lulu Parking-1","location_address":"Jebel Ali Village, Dubai, United Arab Emirates","totalnbofconnectors":"1","connectortype":"62196-2 (Three Phase)"}},{"type":"Feature","id":"257","geometry":{"type":"Point","coordinates":[55.35,25.275]},"properties":{"devicedb_id":"257","location_name":"DEIRA-Dubai Police HQ Building","location_address":"Dubai, United Arab Emirates","totalnbofconnectors":"2","connectortype":"62196-2 (Three Phase) , 62196-2 (Three Phase)"}},{"type":"Feature","id":"236","geometry":{"type":"Point","coordinates":[55.298715,25.189153]},"properties":{"devicedb_id":"236","location_name":"BUR DUBAI-Dubai Design District (D3) 02","location_address":"Tecom, Dubai, United Arab Emirates","totalnbofconnectors":"2","connectortype":"62196-2 (Three Phase) , 62196-2 (Three Phase)"}},{"type":"Feature","id":"10532","geometry":{"type":"Point","coordinates":[55.1612018,25.0937423]},"properties":{"devicedb_id":"10532","location_name":"J.ALI-Tecom commercial bldg, DIC 6","location_address":"Safouh, Dubai, United Arab Emirates","totalnbofconnectors":"2","connectortype":"62196-2 (Three Phase) , 62196-2 (Three Phase)"}},{"type":"Feature","id":"188","geometry":{"type":"Point","coordinates":[55.1536709,25.1296866]},"properties":{"devicedb_id":"188","location_name":"J.ALI-Anantara hotel","location_address":"Palm Jumeirah Anantara, Dubai, UAE, Dubai, United Arab Emirates","totalnbofconnectors":"2","connectortype":"62196-2 (Three Phase) , 62196-2 (Three Phase)"}},{"type":"Feature","id":"279","geometry":{"type":"Point","coordinates":[55.096,25.037]},"properties":{"devicedb_id":"279","location_name":"J.ALI-Emirates Global Aluminium (EGA) Dubal - Jabel Ali","location_address":"Dubai, United Arab Emirates","totalnbofconnectors":"2","connectortype":"62196-2 (Three Phase) , 62196-2 (Three Phase)"}},{"type":"Feature","id":"244","geometry":{"type":"Point","coordinates":[55.344956,24.8496247]},"properties":{"devicedb_id":"244","location_name":"DEIRA-Qudra Cycling Track","location_address":"RTA, Dubai, United Arab Emirates","totalnbofconnectors":"2","connectortype":"62196-2 (Three Phase) , 62196-2 (Three Phase)"}},{"type":"Feature","id":"225","geometry":{"type":"Point","coordinates":[55.27,25.194]},"properties":{"devicedb_id":"225","location_name":"BUR DUBAI-Sheikh Mohammed bin Rashid Al Maktoum Boulevard 3 - 02","location_address":"EMAAR, Dubai, United Arab Emirates","totalnbofconnectors":"1","connectortype":"62196-2 (Three Phase)"}},{"type":"Feature","id":"228","geometry":{"type":"Point","coordinates":[55.2902904,25.2637954]},"properties":{"devicedb_id":"228","location_name":"BUR DUBAI-RTA Parking Ghubaibah 02","location_address":"RTA, Dubai, United Arab Emirates","totalnbofconnectors":"2","connectortype":"62196-2 (Three Phase) , 62196-2 (Three Phase)"}},{"type":"Feature","id":"10530","geometry":{"type":"Point","coordinates":[55.155,25.095]},"properties":{"devicedb_id":"10530","location_name":"J.ALI-DMC,Butterfly Building","location_address":"Safouh, Dubai, United Arab Emirates","totalnbofconnectors":"2","connectortype":"62196-2 (Three Phase) , 62196-2 (Three Phase)"}},{"type":"Feature","id":"174","geometry":{"type":"Point","coordinates":[55.215,25.169]},"properties":{"devicedb_id":"174","location_name":"BUR DUBAI-ENOC Petrol Station (1035) Umm Suqeim","location_address":"ENOC, Dubai, United Arab Emirates","totalnbofconnectors":"3","connectortype":"Combo CCS , ChaDeMo , 62196-2 (Three Phase)"}},{"type":"Feature","id":"283","geometry":{"type":"Point","coordinates":[55.159,25.085]},"properties":{"devicedb_id":"283","location_name":"J.ALI-Emirates Golf Club","location_address":"Emirates Hills 2, Dubai, United Arab Emirates","totalnbofconnectors":"2","connectortype":"62196-2 (Three Phase) , 62196-2 (Three Phase)"}},{"type":"Feature","id":"154","geometry":{"type":"Point","coordinates":[55.492,25.149]},"properties":{"devicedb_id":"154","location_name":"DEIRA-Rowaiyah -Green Garage 02","location_address":"DEWA, Dubai, United Arab Emirates","totalnbofconnectors":"2","connectortype":"62196-2 (Three Phase) , 62196-2 (Three Phase)"}},{"type":"Feature","id":"316","geometry":{"type":"Point","coordinates":[55.2831405,25.2142917]},"properties":{"devicedb_id":"316","location_name":"BUR DUBAI-Gate Village,Basement 2,Visitors Parking-E05","location_address":"DIFC, Dubai, United Arab Emirates","totalnbofconnectors":"2","connectortype":"62196-2 (Three Phase) , 62196-2 (Three Phase)"}},{"type":"Feature","id":"10475","geometry":{"type":"Point","coordinates":[55.4712982,25.1650711]},"properties":{"devicedb_id":"10475","location_name":"DEIRA-Dubai Ambulance Office (outside parking)","location_address":"Warsan3, Dubai, United Arab Emirates","totalnbofconnectors":"2","connectortype":"62196-2 (Three Phase) , 62196-2 (Three Phase)"}},{"type":"Feature","id":"211","geometry":{"type":"Point","coordinates":[55.3845546,25.2621318]},"properties":{"devicedb_id":"211","location_name":"DEIRA-Al Twar Center 01","location_address":"RTA, Dubai, United Arab Emirates","totalnbofconnectors":"2","connectortype":"62196-2 (Three Phase) , 62196-2 (Three Phase)"}},{"type":"Feature","id":"10362","geometry":{"type":"Point","coordinates":[55.1483484,25.002736]},"properties":{"devicedb_id":"10362","location_name":"J.ALI-Dubai Police, Jebel Ali Police Station","location_address":"Dubai, United Arab Emirates","totalnbofconnectors":"2","connectortype":"62196-2 (Three Phase) , 62196-2 (Three Phase)"}},{"type":"Feature","id":"10490","geometry":{"type":"Point","coordinates":[55.36470037,24.76631802]},"properties":{"devicedb_id":"10490","location_name":"DEIRA Moro Data Center-MBR Solar Park, Saih Al Dahal","location_address":"Lusaily, Dubai, United Arab Emirates","totalnbofconnectors":"2","connectortype":"62196-2 (Three Phase) , 62196-2 (Three Phase)"}},{"type":"Feature","id":"10448","geometry":{"type":"Point","coordinates":[55.409,25.275]},"properties":{"devicedb_id":"10448","location_name":"Diera-Sh: Mohammed Bin Rashid Housing Project Building-B09","location_address":"Muhaisinah, Dubai, United Arab Emirates","totalnbofconnectors":"2","connectortype":"62196-2 (Three Phase) , 62196-2 (Three Phase)"}},{"type":"Feature","id":"10391","geometry":{"type":"Point","coordinates":[55.353,25.274]},"properties":{"devicedb_id":"10391","location_name":"DEIRA-Dubai Police HQ-Parking Area - 01","location_address":"Dubai, United Arab Emirates","totalnbofconnectors":"1","connectortype":"62196-2 (Three Phase)"}},{"type":"Feature","id":"10570","geometry":{"type":"Point","coordinates":[55.4184181,25.2794578]},"properties":{"devicedb_id":"10570","location_name":"DTC MuhaisInah Fourth","location_address":"08 MuhaisInah, Dubai, United Arab Emirates","totalnbofconnectors":"2","connectortype":"ComboCCS2 , ComboCCS2"}},{"type":"Feature","id":"10498","geometry":{"type":"Point","coordinates":[55.275,25.246]},"properties":{"devicedb_id":"10498","location_name":"BUR DUBAI-Dubai Real Estate Corporation (AL WASL), Port Views, Madinat Dubai","location_address":"Satwa, 25.24597, 55.27542, Dubai, United Arab Emirates","totalnbofconnectors":"2","connectortype":"62196-2 (Three Phase) , 62196-2 (Three Phase)"}},{"type":"Feature","id":"10387","geometry":{"type":"Point","coordinates":[55.2893806,25.2317785]},"properties":{"devicedb_id":"10387","location_name":"BUR DUBAI-Dubai Police, Bur Dubai Police Station","location_address":"Jafiliya, Dubai, United Arab Emirates","totalnbofconnectors":"2","connectortype":"62196-2 (Three Phase) , 62196-2 (Three Phase)"}},{"type":"Feature","id":"10401","geometry":{"type":"Point","coordinates":[55.107,25.029]},"properties":{"devicedb_id":"10401","location_name":"J.ALI-Festival Plaza,IKEA Parking-3","location_address":"Jebel Ali Village, Dubai, United Arab Emirates","totalnbofconnectors":"1","connectortype":"62196-2 (Three Phase)"}},{"type":"Feature","id":"10472","geometry":{"type":"Point","coordinates":[55.599,25.032]},"properties":{"devicedb_id":"10472","location_name":"DEIRA-New Police Station, Lehbab (Right side)","location_address":"Dubai, United Arab Emirates","totalnbofconnectors":"2","connectortype":"62196-2 (Three Phase) , 62196-2 (Three Phase)"}},{"type":"Feature","id":"190","geometry":{"type":"Point","coordinates":[55.4,25.186]},"properties":{"devicedb_id":"190","location_name":"Deira Al-Warqa DEWA Office","location_address":"DEWA, 25.27258, 55.40660, Dubai, United Arab Emirates","totalnbofconnectors":"2","connectortype":"62196-2 (Three Phase) , 62196-2 (Three Phase)"}},{"type":"Feature","id":"10541","geometry":{"type":"Point","coordinates":[55.114,25.053]},"properties":{"devicedb_id":"10541","location_name":"J.ALI-Jabel Ali Power -L station - DEWA, Dubai, United Arab Emirates","location_address":"DUBAI, United Arab Emirates","totalnbofconnectors":"2","connectortype":"62196-2 (Three Phase) , 62196-2 (Three Phase)"}},{"type":"Feature","id":"350","geometry":{"type":"Point","coordinates":[55.4127077,25.1750934]},"properties":{"devicedb_id":"350","location_name":"DEIRA-Dragon Mart 1","location_address":"Dubai, United Arab Emirates","totalnbofconnectors":"2","connectortype":"62196-2 (Three Phase) , 62196-2 (Three Phase)"}},{"type":"Feature","id":"217","geometry":{"type":"Point","coordinates":[55.2903686,25.2637977]},"properties":{"devicedb_id":"217","location_name":"BUR DUBAI-RTA Parking Ghubaibah 01","location_address":"RTA, Dubai, United Arab Emirates","totalnbofconnectors":"2","connectortype":"62196-2 (Three Phase) , 62196-2 (Three Phase)"}},{"type":"Feature","id":"255","geometry":{"type":"Point","coordinates":[55.447,25.177]},"properties":{"devicedb_id":"255","location_name":"DEIRA-Dubai Safari Park 2","location_address":"Dubai, United Arab Emirates","totalnbofconnectors":"2","connectortype":"62196-2 (Three Phase) , 62196-2 (Three Phase)"}},{"type":"Feature","id":"307","geometry":{"type":"Point","coordinates":[55.3693891,24.768985]},"properties":{"devicedb_id":"307","location_name":"DEIRA-R&D DEWA 2","location_address":"Dubai, United Arab Emirates","totalnbofconnectors":"2","connectortype":"62196-2 (Three Phase) , 62196-2 (Three Phase)"}},{"type":"Feature","id":"10441","geometry":{"type":"Point","coordinates":[55.15668254,24.95426028]},"properties":{"devicedb_id":"10441","location_name":"J.ALI-Expo 2020 Sustainability Parking-05","location_address":"Dubai, United Arab Emirates","totalnbofconnectors":"2","connectortype":"62196-2 (Three Phase) , 62196-2 (Three Phase)"}},{"type":"Feature","id":"184","geometry":{"type":"Point","coordinates":[55.277,25.031]},"properties":{"devicedb_id":"184","location_name":"BUR DUBAI-Sustainable City 04","location_address":"Sustainable City, Dubai, United Arab Emirates","totalnbofconnectors":"2","connectortype":"62196-2 (Three Phase) , 62196-2 (Three Phase)"}},{"type":"Feature","id":"10546","geometry":{"type":"Point","coordinates":[55.42407,25.124065]},"properties":{"devicedb_id":"10546","location_name":"DOC Solar, EV-2","location_address":"DSO, Dubai, United Arab Emirates","totalnbofconnectors":"2","connectortype":"62196-2 (Three Phase) , 62196-2 (Three Phase)"}},{"type":"Feature","id":"194","geometry":{"type":"Point","coordinates":[55.0906691,24.98475]},"properties":{"devicedb_id":"194","location_name":"J.ALI-JAFZA Location 03","location_address":"JAFZA, Dubai, United Arab Emirates","totalnbofconnectors":"2","connectortype":"62196-2 (Three Phase) , 62196-2 (Three Phase)"}},{"type":"Feature","id":"10419","geometry":{"type":"Point","coordinates":[55.295,25.234]},"properties":{"devicedb_id":"10419","location_name":"BUR DUBAI-Wasl Kifaf Development Ph1, Tower-2, Basement1, Parking-16","location_address":"Dubai, United Arab Emirates","totalnbofconnectors":"1","connectortype":"62196-2 (Three Phase)"}},{"type":"Feature","id":"330","geometry":{"type":"Point","coordinates":[55.141,25.111]},"properties":{"devicedb_id":"330","location_name":"J.ALI-Golden Mile Galleria  2, Basement2 -01","location_address":"Palm Jumeirah, Dubai, United Arab Emirates","totalnbofconnectors":"1","connectortype":"62196-2 (Three Phase)"}},{"type":"Feature","id":"10523","geometry":{"type":"Point","coordinates":[55.4195901,25.2103991]},"properties":{"devicedb_id":"10523","location_name":"DEIRA-GHUROOB 11B, Mirdif","location_address":"Dubai, United Arab Emirates","totalnbofconnectors":"2","connectortype":"62196-2 (Three Phase) , 62196-2 (Three Phase)"}},{"type":"Feature","id":"201","geometry":{"type":"Point","coordinates":[55.134,25.078]},"properties":{"devicedb_id":"201","location_name":"J.ALI-The Beach","location_address":"GreenParking, Dubai, United Arab Emirates","totalnbofconnectors":"2","connectortype":"62196-2 (Three Phase) , 62196-2 (Three Phase)"}},{"type":"Feature","id":"10444","geometry":{"type":"Point","coordinates":[55.3774557,25.1187204]},"properties":{"devicedb_id":"10444","location_name":"DEIRA-Dubai Digital Park-A1 building Parking","location_address":"DSO, Dubai, United Arab Emirates","totalnbofconnectors":"2","connectortype":"62196-2 (Three Phase) , 62196-2 (Three Phase)"}},{"type":"Feature","id":"10549","geometry":{"type":"Point","coordinates":[56.103,24.833]},"properties":{"devicedb_id":"10549","location_name":"Hatta – ENOC Petrol Station (1047)","location_address":"HATTA, Hatta, United Arab Emirates","totalnbofconnectors":"3","connectortype":"62196-2 (Three Phase) , Combined ChaDeMo/ComboCCS , ChaDeMo"}},{"type":"Feature","id":"189","geometry":{"type":"Point","coordinates":[55.318,25.226]},"properties":{"devicedb_id":"189","location_name":"BUR DUBAI-Latifa Hospital","location_address":"Dubai Health Authority, Dubai, United Arab Emirates","totalnbofconnectors":"2","connectortype":"62196-2 (Three Phase) , 62196-2 (Three Phase)"}},{"type":"Feature","id":"246","geometry":{"type":"Point","coordinates":[55.4150245,25.2781226]},"properties":{"devicedb_id":"246","location_name":"DEIRA-Dubai Taxi HQ","location_address":"02 Dubai Taxi Corporation 02, Dubai-SS3066B(PVT LVDB), United Arab Emirates","totalnbofconnectors":"2","connectortype":"62196-2 (Three Phase) , 62196-2 (Three Phase)"}},{"type":"Feature","id":"10495","geometry":{"type":"Point","coordinates":[55.5125558,25.1633759]},"properties":{"devicedb_id":"10495","location_name":"DEIRA-Dubai Police,Mounted Police Station, Aweer","location_address":"Al Aweer, Dubai, United Arab Emirates","totalnbofconnectors":"1","connectortype":"62196-2 (Three Phase)"}},{"type":"Feature","id":"222","geometry":{"type":"Point","coordinates":[55.232,25.154]},"properties":{"devicedb_id":"222","location_name":"BUR DUBAI-Al Quoz Sustainable Building 01","location_address":"DEWA, Dubai, United Arab Emirates","totalnbofconnectors":"1","connectortype":"62196-2 (Three Phase)"}},{"type":"Feature","id":"10449","geometry":{"type":"Point","coordinates":[55.3889999,25.2637]},"properties":{"devicedb_id":"10449","location_name":"DEIRA-Dubai Civil Defense Head Quarters-01","location_address":"Ghusais, Dubai, United Arab Emirates","totalnbofconnectors":"2","connectortype":"62196-2 (Three Phase) , 62196-2 (Three Phase)"}},{"type":"Feature","id":"10470","geometry":{"type":"Point","coordinates":[56.0815068,24.8400799]},"properties":{"devicedb_id":"10470","location_name":"HATTA-Dewa Mosque","location_address":"Hatta, Dubai, United Arab Emirates","totalnbofconnectors":"2","connectortype":"62196-2 (Three Phase) , 62196-2 (Three Phase)"}},{"type":"Feature","id":"10478","geometry":{"type":"Point","coordinates":[55.4712464,25.1456623]},"properties":{"devicedb_id":"10478","location_name":"DEIRA-Fly Dubai HQ - 01 (Left side)","location_address":"Warsan 3, Dubai, United Arab Emirates","totalnbofconnectors":"2","connectortype":"62196-2 (Three Phase) , 62196-2 (Three Phase)"}},{"type":"Feature","id":"196","geometry":{"type":"Point","coordinates":[55.090958,24.9846009]},"properties":{"devicedb_id":"196","location_name":"J.ALI-JAFZA Location 02","location_address":"JAFZA, Dubai, United Arab Emirates","totalnbofconnectors":"2","connectortype":"62196-2 (Three Phase) , 62196-2 (Three Phase)"}},{"type":"Feature","id":"120","geometry":{"type":"Point","coordinates":[55.3760682,25.2254169]},"properties":{"devicedb_id":"120","location_name":"DEIRA-Umm Ramoul Customer Services Center","location_address":"DEWA, Dubai, United Arab Emirates","totalnbofconnectors":"2","connectortype":"62196-2 (Three Phase) , 62196-2 (Three Phase)"}},{"type":"Feature","id":"10458","geometry":{"type":"Point","coordinates":[55.1412742,24.952936]},"properties":{"devicedb_id":"10458","location_name":"J.ALI-Expo 2020 Mobility Parking-02","location_address":"Dubai, United Arab Emirates","totalnbofconnectors":"2","connectortype":"62196-2 (Three Phase) , 62196-2 (Three Phase)"}},{"type":"Feature","id":"241","geometry":{"type":"Point","coordinates":[55.381,25.123]},"properties":{"devicedb_id":"241","location_name":"DEIRA-Dubai Silicon Oasis Head Office","location_address":"Dubai Silicon Oasis, Dubai, United Arab Emirates","totalnbofconnectors":"2","connectortype":"62196-2 (Three Phase) , 62196-2 (Three Phase)"}}]}